id,name,cityName,address,lat,lon,food,low,high,priceBasis,source,positionStatus,navigationUrl
VN001,Gia,河内,"61 Van Mieu Street, Quoc Tu Giam Ward, Hanoi, Vietnam",21.0274223,105.8359626,越南当代品鉴套餐,646,904,官方菜单价（税费前）,https://guide.michelin.com/en/ha-noi/ha-noi_2974158/restaurant/gia-1202148,公开餐厅坐标，非实地测量；入店前核对门牌,https://www.google.com/maps/dir/?api=1&destination=Gia%2C%2061%20Van%20Mieu%20Street%2C%20Quoc%20Tu%20Giam%20Ward%2C%20Hanoi%2C%20Vietnam
VN002,Hibana by Koki,河内,"B1F, Capella Hanoi, 11 Le Phung Hieu Street, Hoan Kiem Ward, Hanoi, Vietnam",21.0258394,105.8565699,日式铁板烧；和牛、海鲜,904,2195,官方菜单价（税费前）,https://guide.michelin.com/en/ha-noi/ha-noi_2974158/restaurant/hibana-by-koki,公开餐厅坐标，非实地测量；入店前核对门牌,https://www.google.com/maps/dir/?api=1&destination=Hibana%20by%20Koki%2C%20B1F%2C%20Capella%20Hanoi%2C%2011%20Le%20Phung%20Hieu%20Street%2C%20Hoan%20Kiem%20Ward%2C%20Hanoi%2C%20Vietnam
VN004,ONVIT,河内,"3F, Grand Plaza Hotel, 117 Tran Duy Hung Street, Yen Hoa Ward, Hanoi, Vietnam",21.0074302,105.7968181,韩式当代料理；品鉴套餐,465,826,官方菜单价（税费前）,https://guide.michelin.com/en/ha-noi/ha-noi_2974158/restaurant/onvit,公开餐厅坐标，非实地测量；入店前核对门牌,https://www.google.com/maps/dir/?api=1&destination=ONVIT%2C%203F%2C%20Grand%20Plaza%20Hotel%2C%20117%20Tran%20Duy%20Hung%20Street%2C%20Yen%20Hoa%20Ward%2C%20Hanoi%2C%20Vietnam
VN003,Tầm Vị,河内,"4B Yen The Street, Ba Dinh Ward, Hanoi, Vietnam",21.0290282,105.8394747,北越家常菜；米饭配肉菜、时蔬,77,155,预算估算（非菜单报价）,https://guide.michelin.com/en/ha-noi/ha-noi_2974158/restaurant/tam-vi,公开餐厅坐标，非实地测量；入店前核对门牌,https://www.google.com/maps/dir/?api=1&destination=T%E1%BA%A7m%20V%E1%BB%8B%2C%204B%20Yen%20The%20Street%2C%20Ba%20Dinh%20Ward%2C%20Hanoi%2C%20Vietnam
VN005,1946 Cua Bac,河内,"3 Yen Thanh Alley, 61 Cua Bac Street, Ba Dinh Ward, Hanoi, Vietnam",21.0428477,105.8429558,越南家常菜,39,77,预算估算（非菜单报价）,https://guide.michelin.com/en/ha-noi/ha-noi_2974158/restaurant/1946-cua-bac,公开餐厅坐标，非实地测量；入店前核对门牌,https://www.google.com/maps/dir/?api=1&destination=1946%20Cua%20Bac%2C%203%20Yen%20Thanh%20Alley%2C%2061%20Cua%20Bac%20Street%2C%20Ba%20Dinh%20Ward%2C%20Hanoi%2C%20Vietnam
VN008,Bun Cha Ta (Nguyen Huu Huan Street),河内,"21 Nguyen Huu Huan Street, Hoan Kiem Ward, Hanoi, Vietnam",21.0343385,105.8545007,烤猪肉米线、炸春卷,39,77,预算估算（非菜单报价）,https://guide.michelin.com/en/ha-noi/ha-noi_2974158/restaurant/bun-cha-ta-nguyen-huu-huan-street,公开餐厅坐标，非实地测量；入店前核对门牌,https://www.google.com/maps/dir/?api=1&destination=Bun%20Cha%20Ta%20%28Nguyen%20Huu%20Huan%20Street%29%2C%2021%20Nguyen%20Huu%20Huan%20Street%2C%20Hoan%20Kiem%20Ward%2C%20Hanoi%2C%20Vietnam
VN006,Bánh Cuốn Gia Truyền Thanh Vân (Hang Ga Street),河内,"14 Hang Ga Street, Hoan Kiem Ward, Hanoi, Vietnam",21.0361631,105.8470061,越式蒸米皮卷；猪肉、虾或鸡肉馅,13,26,预算估算（非菜单报价）,https://guide.michelin.com/en/ha-noi/ha-noi_2974158/restaurant/banh-cuon-gia-truyen-thanh-van-hang-ga-street,公开餐厅坐标，非实地测量；入店前核对门牌,https://www.google.com/maps/dir/?api=1&destination=B%C3%A1nh%20Cu%E1%BB%91n%20Gia%20Truy%E1%BB%81n%20Thanh%20V%C3%A2n%20%28Hang%20Ga%20Street%29%2C%2014%20Hang%20Ga%20Street%2C%20Hoan%20Kiem%20Ward%2C%20Hanoi%2C%20Vietnam
VN007,Bún Chả Chan,河内,"114 Mai Hac De Street, Hai Ba Trung Ward, Hanoi, Vietnam",21.010189,105.850778,河内烤猪肉米线,15,31,预算估算（非菜单报价）,https://guide.michelin.com/en/ha-noi/ha-noi_2974158/restaurant/bun-cha-chan,公开餐厅坐标，非实地测量；入店前核对门牌,https://www.google.com/maps/dir/?api=1&destination=B%C3%BAn%20Ch%E1%BA%A3%20Chan%2C%20114%20Mai%20Hac%20De%20Street%2C%20Hai%20Ba%20Trung%20Ward%2C%20Hanoi%2C%20Vietnam
VN010,Chào Bạn (98 To Ngoc Van Street),河内,"98 To Ngoc Van Street, Tay Ho Ward, Hanoi, Vietnam",21.0679,105.82236,越南家常菜,39,77,预算估算（非菜单报价）,https://guide.michelin.com/en/ha-noi/ha-noi_2974158/restaurant/chao-ban,公开餐厅坐标，非实地测量；入店前核对门牌,https://www.google.com/maps/dir/?api=1&destination=Ch%C3%A0o%20B%E1%BA%A1n%20%2898%20To%20Ngoc%20Van%20Street%29%2C%2098%20To%20Ngoc%20Van%20Street%2C%20Tay%20Ho%20Ward%2C%20Hanoi%2C%20Vietnam
VN009,Chả Cá Thăng Long (6B Duong Thanh Street),河内,"6B Duong Thanh Street, Hoan Kiem Ward, Hanoi, Vietnam",21.0330434,105.8461533,姜黄莳萝煎鱼；搭配米线,39,65,预算估算（非菜单报价）,https://guide.michelin.com/en/ha-noi/ha-noi_2974158/restaurant/cha-ca-thang-long,公开餐厅坐标，非实地测量；入店前核对门牌,https://www.google.com/maps/dir/?api=1&destination=Ch%E1%BA%A3%20C%C3%A1%20Th%C4%83ng%20Long%20%286B%20Duong%20Thanh%20Street%29%2C%206B%20Duong%20Thanh%20Street%2C%20Hoan%20Kiem%20Ward%2C%20Hanoi%2C%20Vietnam
VN012,Habakuk,河内,"Alley 4, Phan Huy Chu Street, Hoan Kiem Ward, Hanoi, Vietnam",21.0203594,105.8575655,当代欧式料理,155,310,预算估算（非菜单报价）,https://guide.michelin.com/en/ha-noi/ha-noi_2974158/restaurant/habakuk,公开餐厅坐标，非实地测量；入店前核对门牌,https://www.google.com/maps/dir/?api=1&destination=Habakuk%2C%20Alley%204%2C%20Phan%20Huy%20Chu%20Street%2C%20Hoan%20Kiem%20Ward%2C%20Hanoi%2C%20Vietnam
VN011,Hà Thành Mansion,河内,"14 Ngo Van So Street, Cua Nam Ward, Hanoi, Vietnam",21.021938,105.8489796,越南菜；传统家常菜,77,168,预算估算（非菜单报价）,https://guide.michelin.com/en/ha-noi/ha-noi_2974158/restaurant/ha-thanh-mansion,公开餐厅坐标，非实地测量；入店前核对门牌,https://www.google.com/maps/dir/?api=1&destination=H%C3%A0%20Th%C3%A0nh%20Mansion%2C%2014%20Ngo%20Van%20So%20Street%2C%20Cua%20Nam%20Ward%2C%20Hanoi%2C%20Vietnam
VN013,Luk Lak,河内,"4A Le Thanh Tong Street, Hoan Kiem Ward, Hanoi, Vietnam",21.022512,105.857567,越南菜,77,168,预算估算（非菜单报价）,https://guide.michelin.com/en/ha-noi/ha-noi_2974158/restaurant/luk-lak,公开餐厅坐标，非实地测量；入店前核对门牌,https://www.google.com/maps/dir/?api=1&destination=Luk%20Lak%2C%204A%20Le%20Thanh%20Tong%20Street%2C%20Hoan%20Kiem%20Ward%2C%20Hanoi%2C%20Vietnam
VN014,Mammom,河内,"23 Phan Dinh Phung Street, Ba Dinh Ward, Hanoi, Vietnam",21.0399726,105.8449141,越南家常菜；蛤蜊番茄菠萝汤,77,168,预算估算（非菜单报价）,https://guide.michelin.com/en/ha-noi/ha-noi_2974158/restaurant/mammom,公开餐厅坐标，非实地测量；入店前核对门牌,https://www.google.com/maps/dir/?api=1&destination=Mammom%2C%2023%20Phan%20Dinh%20Phung%20Street%2C%20Ba%20Dinh%20Ward%2C%20Hanoi%2C%20Vietnam
VN015,Miến Lươn Chân Cầm (Hoàn Kiếm),河内,"1 Chan Cam Street, Hoan Kiem Ward, Hanoi, Vietnam",21.0305622,105.8487874,鳝鱼粉丝,15,31,预算估算（非菜单报价）,https://guide.michelin.com/en/ha-noi/ha-noi_2974158/restaurant/mien-luon-chan-cam-hoan-kiem,公开餐厅坐标，非实地测量；入店前核对门牌,https://www.google.com/maps/dir/?api=1&destination=Mi%E1%BA%BFn%20L%C6%B0%C6%A1n%20Ch%C3%A2n%20C%E1%BA%A7m%20%28Ho%C3%A0n%20Ki%E1%BA%BFm%29%2C%201%20Chan%20Cam%20Street%2C%20Hoan%20Kiem%20Ward%2C%20Hanoi%2C%20Vietnam
VN016,Miến Lươn Đông Thịnh,河内,"87 Hang Dieu Street, Hoan Kiem Ward, Hanoi, Vietnam",21.0320059,105.8468122,鳝鱼粉丝；汤粉或拌粉,15,31,预算估算（非菜单报价）,https://guide.michelin.com/en/ha-noi/ha-noi_2974158/restaurant/mien-luon-%C4%91ong-thinh,公开餐厅坐标，非实地测量；入店前核对门牌,https://www.google.com/maps/dir/?api=1&destination=Mi%E1%BA%BFn%20L%C6%B0%C6%A1n%20%C4%90%C3%B4ng%20Th%E1%BB%8Bnh%2C%2087%20Hang%20Dieu%20Street%2C%20Hoan%20Kiem%20Ward%2C%20Hanoi%2C%20Vietnam
VN017,Mr Bảy Miền Tây,河内,"79 Hang Dieu Street, Hoan Kiem Ward, Hanoi, Vietnam",21.032104,105.846885,越南西南部菜,39,77,预算估算（非菜单报价）,https://guide.michelin.com/en/ha-noi/ha-noi_2974158/restaurant/mr-bay-mien-tay,公开餐厅坐标，非实地测量；入店前核对门牌,https://www.google.com/maps/dir/?api=1&destination=Mr%20B%E1%BA%A3y%20Mi%E1%BB%81n%20T%C3%A2y%2C%2079%20Hang%20Dieu%20Street%2C%20Hoan%20Kiem%20Ward%2C%20Hanoi%2C%20Vietnam
VN018,Phở 10 Lý Quốc Sư (Hoàn Kiếm),河内,"10 Ly Quoc Su Street, Hoan Kiem Ward, Hanoi, Vietnam",21.0305286,105.8488224,牛肉河粉,18,34,预算估算（非菜单报价）,https://guide.michelin.com/en/ha-noi/ha-noi_2974158/restaurant/pho-10-ly-quoc-su,公开餐厅坐标，非实地测量；入店前核对门牌,https://www.google.com/maps/dir/?api=1&destination=Ph%E1%BB%9F%2010%20L%C3%BD%20Qu%E1%BB%91c%20S%C6%B0%20%28Ho%C3%A0n%20Ki%E1%BA%BFm%29%2C%2010%20Ly%20Quoc%20Su%20Street%2C%20Hoan%20Kiem%20Ward%2C%20Hanoi%2C%20Vietnam
VN021,Phở Gia Truyền (Hoàn Kiếm),河内,"49 Bat Dan Street, Hoan Kiem Ward, Hanoi, Vietnam",21.0336032,105.8461911,牛肉河粉,15,31,预算估算（非菜单报价）,https://guide.michelin.com/en/ha-noi/ha-noi_2974158/restaurant/pho-gia-truyen,公开餐厅坐标，非实地测量；入店前核对门牌,https://www.google.com/maps/dir/?api=1&destination=Ph%E1%BB%9F%20Gia%20Truy%E1%BB%81n%20%28Ho%C3%A0n%20Ki%E1%BA%BFm%29%2C%2049%20Bat%20Dan%20Street%2C%20Hoan%20Kiem%20Ward%2C%20Hanoi%2C%20Vietnam
VN020,Phở Gà Nguyệt,河内,"5B Phu Doan Street, Hoan Kiem Ward, Hanoi, Vietnam",21.0302867,105.8476474,鸡肉河粉,15,31,预算估算（非菜单报价）,https://guide.michelin.com/en/ha-noi/ha-noi_2974158/restaurant/pho-ga-nguyet,公开餐厅坐标，非实地测量；入店前核对门牌,https://www.google.com/maps/dir/?api=1&destination=Ph%E1%BB%9F%20G%C3%A0%20Nguy%E1%BB%87t%2C%205B%20Phu%20Doan%20Street%2C%20Hoan%20Kiem%20Ward%2C%20Hanoi%2C%20Vietnam
VN022,Phở Hà Hàng Hòm,河内,"15P Hang Hom Street, Hoan Kiem Ward, Hanoi, Vietnam",21.03174,105.84893,鸡肉河粉、鸡肉糯米饭,15,31,预算估算（非菜单报价）,https://guide.michelin.com/en/ha-noi/ha-noi_2974158/restaurant/pho-ha-hang-hom,公开餐厅坐标，非实地测量；入店前核对门牌,https://www.google.com/maps/dir/?api=1&destination=Ph%E1%BB%9F%20H%C3%A0%20H%C3%A0ng%20H%C3%B2m%2C%2015P%20Hang%20Hom%20Street%2C%20Hoan%20Kiem%20Ward%2C%20Hanoi%2C%20Vietnam
VN023,Phở Khôi Hói,河内,"50 Hang Vai Street, Hoan Kiem Ward, Hanoi, Vietnam",21.035698,105.8459795,河粉,15,31,预算估算（非菜单报价）,https://guide.michelin.com/en/ha-noi/ha-noi_2974158/restaurant/pho-khoi-hoi,公开餐厅坐标，非实地测量；入店前核对门牌,https://www.google.com/maps/dir/?api=1&destination=Ph%E1%BB%9F%20Kh%C3%B4i%20H%C3%B3i%2C%2050%20Hang%20Vai%20Street%2C%20Hoan%20Kiem%20Ward%2C%20Hanoi%2C%20Vietnam
VN024,The East,河内,"5B Tong Duy Tan Street, Hoan Kiem Ward, Hanoi, Vietnam",21.0295152,105.8439139,越南菜,77,168,预算估算（非菜单报价）,https://guide.michelin.com/en/ha-noi/ha-noi_2974158/restaurant/the-east,公开餐厅坐标，非实地测量；入店前核对门牌,https://www.google.com/maps/dir/?api=1&destination=The%20East%2C%205B%20Tong%20Duy%20Tan%20Street%2C%20Hoan%20Kiem%20Ward%2C%20Hanoi%2C%20Vietnam
VN025,Tuyết Bún Chả 34,河内,"34 Hang Than Street, Ba Dinh Ward, Hanoi, Vietnam",21.0416366,105.8472363,烤猪肉米线,15,31,预算估算（非菜单报价）,https://guide.michelin.com/en/ha-noi/ha-noi_2974158/restaurant/tuyet-bun-cha-34,公开餐厅坐标，非实地测量；入店前核对门牌,https://www.google.com/maps/dir/?api=1&destination=Tuy%E1%BA%BFt%20B%C3%BAn%20Ch%E1%BA%A3%2034%2C%2034%20Hang%20Than%20Street%2C%20Ba%20Dinh%20Ward%2C%20Hanoi%2C%20Vietnam
VN027,Xới Cơm,河内,"107, Lane 36, Lang Ha Street, Lang Ward, Hanoi, Vietnam",21.0143203,105.813091,越南家常菜、米饭,39,77,预算估算（非菜单报价）,https://guide.michelin.com/en/ha-noi/ha-noi_2974158/restaurant/xoi-com,公开餐厅坐标，非实地测量；入店前核对门牌,https://www.google.com/maps/dir/?api=1&destination=X%E1%BB%9Bi%20C%C6%A1m%2C%20107%2C%20Lane%2036%2C%20Lang%20Ha%20Street%2C%20Lang%20Ward%2C%20Hanoi%2C%20Vietnam
VN026,Ưu Đàm,河内,"55 Nguyen Du Street, Cua Nam Ward, Hanoi, Vietnam",21.018924,105.8481131,越式素食,39,77,预算估算（非菜单报价）,https://guide.michelin.com/en/ha-noi/ha-noi_2974158/restaurant/uu-%C4%91am,公开餐厅坐标，非实地测量；入店前核对门牌,https://www.google.com/maps/dir/?api=1&destination=%C6%AFu%20%C4%90%C3%A0m%2C%2055%20Nguyen%20Du%20Street%2C%20Cua%20Nam%20Ward%2C%20Hanoi%2C%20Vietnam
VN028,A Bản Mountain Dew,河内,"76 Tran Phu Street, Ba Dinh Ward, Hanoi, Vietnam",21.03254,105.8321,越南山区风味菜,77,168,预算估算（非菜单报价）,https://guide.michelin.com/en/ha-noi/ha-noi_2974158/restaurant/a-ban-mountain-dew,公开餐厅坐标，非实地测量；入店前核对门牌,https://www.google.com/maps/dir/?api=1&destination=A%20B%E1%BA%A3n%20Mountain%20Dew%2C%2076%20Tran%20Phu%20Street%2C%20Ba%20Dinh%20Ward%2C%20Hanoi%2C%20Vietnam
VN029,Azabu,河内,"2F, Hotel du Parc, 84 Tran Nhan Tong Street, Hai Ba Trung Ward, Hanoi, Vietnam",21.0177948,105.8423073,日料,155,310,预算估算（非菜单报价）,https://guide.michelin.com/en/ha-noi/ha-noi_2974158/restaurant/azabu-1202170,公开餐厅坐标，非实地测量；入店前核对门牌,https://www.google.com/maps/dir/?api=1&destination=Azabu%2C%202F%2C%20Hotel%20du%20Parc%2C%2084%20Tran%20Nhan%20Tong%20Street%2C%20Hai%20Ba%20Trung%20Ward%2C%20Hanoi%2C%20Vietnam
VN030,Backstage,河内,"GF, Capella Hanoi, 11 Le Phung Hieu Street, Hoan Kiem Ward, Hanoi, Vietnam",21.0258498,105.8565574,越南当代料理,258,568,预算估算（非菜单报价）,https://guide.michelin.com/en/ha-noi/ha-noi_2974158/restaurant/backstage,公开餐厅坐标，非实地测量；入店前核对门牌,https://www.google.com/maps/dir/?api=1&destination=Backstage%2C%20GF%2C%20Capella%20Hanoi%2C%2011%20Le%20Phung%20Hieu%20Street%2C%20Hoan%20Kiem%20Ward%2C%20Hanoi%2C%20Vietnam
VN031,Bánh Cuốn Bà Hoành,河内,"66 To Hien Thanh Street, Bui Thi Xuan Ward, Hanoi, Vietnam",21.0135667,105.8496851,越式蒸米皮卷,13,26,预算估算（非菜单报价）,https://guide.michelin.com/en/ha-noi/ha-noi_2974158/restaurant/banh-cuon-ba-hoanh,公开餐厅坐标，非实地测量；入店前核对门牌,https://www.google.com/maps/dir/?api=1&destination=B%C3%A1nh%20Cu%E1%BB%91n%20B%C3%A0%20Ho%C3%A0nh%2C%2066%20To%20Hien%20Thanh%20Street%2C%20Bui%20Thi%20Xuan%20Ward%2C%20Hanoi%2C%20Vietnam
VN032,Bánh Cuốn Bà Xuân,河内,"16 Hoe Nhai Street, Ba Dinh Ward, Hanoi, Vietnam",21.0423129,105.8476837,越式蒸米皮卷,13,26,预算估算（非菜单报价）,https://guide.michelin.com/en/ha-noi/ha-noi_2974158/restaurant/banh-cuon-ba-xuan,公开餐厅坐标，非实地测量；入店前核对门牌,https://www.google.com/maps/dir/?api=1&destination=B%C3%A1nh%20Cu%E1%BB%91n%20B%C3%A0%20Xu%C3%A2n%2C%2016%20Hoe%20Nhai%20Street%2C%20Ba%20Dinh%20Ward%2C%20Hanoi%2C%20Vietnam
VN035,Bún Chả Hương Liên,河内,"24 Le Van Huu Street, Hai Ba Trung Ward, Hanoi, Vietnam",21.0180886,105.8538623,烤猪肉米线、炸春卷,15,31,预算估算（非菜单报价）,https://guide.michelin.com/en/ha-noi/ha-noi_2974158/restaurant/bun-cha-huong-lien,公开餐厅坐标，非实地测量；入店前核对门牌,https://www.google.com/maps/dir/?api=1&destination=B%C3%BAn%20Ch%E1%BA%A3%20H%C6%B0%C6%A1ng%20Li%C3%AAn%2C%2024%20Le%20Van%20Huu%20Street%2C%20Hai%20Ba%20Trung%20Ward%2C%20Hanoi%2C%20Vietnam
VN034,Bún Chả Đắc Kim (Hang Manh Street),河内,"1 Hang Manh Street, Hoan Kiem Ward, Hanoi, Vietnam",21.0323506,105.848169,烤猪肉米线,15,31,预算估算（非菜单报价）,https://guide.michelin.com/en/ha-noi/ha-noi_2974158/restaurant/bun-cha-%C4%91ac-kim,公开餐厅坐标，非实地测量；入店前核对门牌,https://www.google.com/maps/dir/?api=1&destination=B%C3%BAn%20Ch%E1%BA%A3%20%C4%90%E1%BA%AFc%20Kim%20%28Hang%20Manh%20Street%29%2C%201%20Hang%20Manh%20Street%2C%20Hoan%20Kiem%20Ward%2C%20Hanoi%2C%20Vietnam
VN033,Bếp Prime,河内,"12 Hang Dieu Street, Hoan Kiem Ward, Hanoi, Vietnam",21.03345,105.84689,越南菜,77,168,预算估算（非菜单报价）,https://guide.michelin.com/en/ha-noi/ha-noi_2974158/restaurant/bep-prime,公开餐厅坐标，非实地测量；入店前核对门牌,https://www.google.com/maps/dir/?api=1&destination=B%E1%BA%BFp%20Prime%2C%2012%20Hang%20Dieu%20Street%2C%20Hoan%20Kiem%20Ward%2C%20Hanoi%2C%20Vietnam
VN036,Cau Go,河内,"6-7F, 9 Dinh Tien Hoang Street, Hoan Kiem Ward, Hanoi, Vietnam",21.0321366,105.8519429,越南菜,77,168,预算估算（非菜单报价）,https://guide.michelin.com/en/ha-noi/ha-noi_2974158/restaurant/cau-go,公开餐厅坐标，非实地测量；入店前核对门牌,https://www.google.com/maps/dir/?api=1&destination=Cau%20Go%2C%206-7F%2C%209%20Dinh%20Tien%20Hoang%20Street%2C%20Hoan%20Kiem%20Ward%2C%20Hanoi%2C%20Vietnam
VN038,Chapter,河内,"12C Chan Cam Street, Hoan Kiem Ward, Hanoi, Vietnam",21.0303781,105.8482559,越南当代品鉴套餐,646,1162,预算估算（非菜单报价）,https://guide.michelin.com/en/ha-noi/ha-noi_2974158/restaurant/chapter-1202272,公开餐厅坐标，非实地测量；入店前核对门牌,https://www.google.com/maps/dir/?api=1&destination=Chapter%2C%2012C%20Chan%20Cam%20Street%2C%20Hoan%20Kiem%20Ward%2C%20Hanoi%2C%20Vietnam
VN037,Chả Cá Anh Vũ (Ô Chợ Dừa),河内,"120-K1 Giang Vo Street, O Cho Dua Ward, Hanoi, Vietnam",21.0269484,105.8241614,姜黄莳萝煎鱼；搭配米线,39,65,预算估算（非菜单报价）,https://guide.michelin.com/en/ha-noi/ha-noi_2974158/restaurant/cha-ca-anh-vu-dong-da,公开餐厅坐标，非实地测量；入店前核对门牌,https://www.google.com/maps/dir/?api=1&destination=Ch%E1%BA%A3%20C%C3%A1%20Anh%20V%C5%A9%20%28%C3%94%20Ch%E1%BB%A3%20D%E1%BB%ABa%29%2C%20120-K1%20Giang%20Vo%20Street%2C%20O%20Cho%20Dua%20Ward%2C%20Hanoi%2C%20Vietnam
VN039,Cồ Đàm,河内,"68 Tran Hung Dao Street, Hoan Kiem Ward, Hanoi, Vietnam",21.0224737,105.8477632,素食,77,168,预算估算（非菜单报价）,https://guide.michelin.com/en/ha-noi/ha-noi_2974158/restaurant/co-%C4%91am,公开餐厅坐标，非实地测量；入店前核对门牌,https://www.google.com/maps/dir/?api=1&destination=C%E1%BB%93%20%C4%90%C3%A0m%2C%2068%20Tran%20Hung%20Dao%20Street%2C%20Hoan%20Kiem%20Ward%2C%20Hanoi%2C%20Vietnam
VN040,Duong's (Ngo Huyen Street),河内,"27 Ngo Huyen Street, Hoan Kiem Ward, Hanoi, Vietnam",21.0295015,105.8486102,越南菜,77,168,预算估算（非菜单报价）,https://guide.michelin.com/en/ha-noi/ha-noi_2974158/restaurant/duong-s,公开餐厅坐标，非实地测量；入店前核对门牌,https://www.google.com/maps/dir/?api=1&destination=Duong%27s%20%28Ngo%20Huyen%20Street%29%2C%2027%20Ngo%20Huyen%20Street%2C%20Hoan%20Kiem%20Ward%2C%20Hanoi%2C%20Vietnam
VN041,French Grill,河内,"LF, JW Marriott Hanoi, 8 Do Duc Duc Road, Tu Liem Ward, Hanoi, Vietnam",21.00714,105.78236,法式当代料理,646,1162,预算估算（非菜单报价）,https://guide.michelin.com/en/ha-noi/ha-noi_2974158/restaurant/french-grill,公开餐厅坐标，非实地测量；入店前核对门牌,https://www.google.com/maps/dir/?api=1&destination=French%20Grill%2C%20LF%2C%20JW%20Marriott%20Hanoi%2C%208%20Do%20Duc%20Duc%20Road%2C%20Tu%20Liem%20Ward%2C%20Hanoi%2C%20Vietnam
VN042,Hanoi Garden,河内,"36 Hang Manh Street, Hoan Kiem Ward, Hanoi, Vietnam",21.031516,105.848364,越南菜,77,168,预算估算（非菜单报价）,https://guide.michelin.com/en/ha-noi/ha-noi_2974158/restaurant/hanoi-garden,公开餐厅坐标，非实地测量；入店前核对门牌,https://www.google.com/maps/dir/?api=1&destination=Hanoi%20Garden%2C%2036%20Hang%20Manh%20Street%2C%20Hoan%20Kiem%20Ward%2C%20Hanoi%2C%20Vietnam
VN043,Hemispheres Steak & Seafood Grill,河内,"2F, Sheraton Hotel, K5 Nghi Tam, 11 Xuan Dieu Road, Tay Ho Ward, Hanoi, Vietnam",21.05979,105.8314,牛排、海鲜,258,568,预算估算（非菜单报价）,https://guide.michelin.com/en/ha-noi/ha-noi_2974158/restaurant/hemispheres-steak-and-seafood-grill,公开餐厅坐标，非实地测量；入店前核对门牌,https://www.google.com/maps/dir/?api=1&destination=Hemispheres%20Steak%20%26%20Seafood%20Grill%2C%202F%2C%20Sheraton%20Hotel%2C%20K5%20Nghi%20Tam%2C%2011%20Xuan%20Dieu%20Road%2C%20Tay%20Ho%20Ward%2C%20Hanoi%2C%20Vietnam
VN045,Highway4 (Hang Tre Street),河内,"5 Hang Tre Street, Hoan Kiem Ward, Hanoi, Vietnam",21.0336338,105.8550549,越南菜,39,77,预算估算（非菜单报价）,https://guide.michelin.com/en/ha-noi/ha-noi_2974158/restaurant/highway4-hang-tre-street,公开餐厅坐标，非实地测量；入店前核对门牌,https://www.google.com/maps/dir/?api=1&destination=Highway4%20%28Hang%20Tre%20Street%29%2C%205%20Hang%20Tre%20Street%2C%20Hoan%20Kiem%20Ward%2C%20Hanoi%2C%20Vietnam
VN044,Hiệu Lực Canh Cá Rô Hưng Yên (Hoàn Kiếm),河内,"39 Hai Ba Trung Street, Hoan Kiem Ward, Hanoi, Vietnam",21.025273,105.8492572,鱼肉汤粉,15,31,预算估算（非菜单报价）,https://guide.michelin.com/en/ha-noi/ha-noi_2974158/restaurant/hieu-luc-canh-ca-ro-hung-yen-hai-ba-trung,公开餐厅坐标，非实地测量；入店前核对门牌,https://www.google.com/maps/dir/?api=1&destination=Hi%E1%BB%87u%20L%E1%BB%B1c%20Canh%20C%C3%A1%20R%C3%B4%20H%C6%B0ng%20Y%C3%AAn%20%28Ho%C3%A0n%20Ki%E1%BA%BFm%29%2C%2039%20Hai%20Ba%20Trung%20Street%2C%20Hoan%20Kiem%20Ward%2C%20Hanoi%2C%20Vietnam
VN046,Izakaya by Koki,河内,"B2F, Capella Hanoi, 11 Le Phung Hieu Street, Hoan Kiem Ward, Hanoi, Vietnam",21.0259082,105.8550521,日料,258,568,预算估算（非菜单报价）,https://guide.michelin.com/en/ha-noi/ha-noi_2974158/restaurant/izakaya-by-koki,公开餐厅坐标，非实地测量；入店前核对门牌,https://www.google.com/maps/dir/?api=1&destination=Izakaya%20by%20Koki%2C%20B2F%2C%20Capella%20Hanoi%2C%2011%20Le%20Phung%20Hieu%20Street%2C%20Hoan%20Kiem%20Ward%2C%20Hanoi%2C%20Vietnam
VN047,La Badiane,河内,"10 Nam Ngu Street, Cua Nam Ward, Hanoi, Vietnam",21.0266026,105.843184,融合料理,155,310,预算估算（非菜单报价）,https://guide.michelin.com/en/ha-noi/ha-noi_2974158/restaurant/la-badiane-1202147,公开餐厅坐标，非实地测量；入店前核对门牌,https://www.google.com/maps/dir/?api=1&destination=La%20Badiane%2C%2010%20Nam%20Ngu%20Street%2C%20Cua%20Nam%20Ward%2C%20Hanoi%2C%20Vietnam
VN048,Labri,河内,"2F, 113 Bui Thi Xuan Street, Hai Ba Trung Ward, Hanoi, Vietnam",21.0148368,105.8499876,当代欧式料理,258,568,预算估算（非菜单报价）,https://guide.michelin.com/en/ha-noi/ha-noi_2974158/restaurant/labri,公开餐厅坐标，非实地测量；入店前核对门牌,https://www.google.com/maps/dir/?api=1&destination=Labri%2C%202F%2C%20113%20Bui%20Thi%20Xuan%20Street%2C%20Hai%20Ba%20Trung%20Ward%2C%20Hanoi%2C%20Vietnam
VN049,Lamai Garden,河内,"36B De Quai Street, Tay Ho Ward, Hanoi, Vietnam",21.0673779,105.8357635,越南当代料理；绿星,258,568,预算估算（非菜单报价）,https://guide.michelin.com/en/ha-noi/ha-noi_2974158/restaurant/lamai-garden,公开餐厅坐标，非实地测量；入店前核对门牌,https://www.google.com/maps/dir/?api=1&destination=Lamai%20Garden%2C%2036B%20De%20Quai%20Street%2C%20Tay%20Ho%20Ward%2C%20Hanoi%2C%20Vietnam
VN050,Le Beaulieu,河内,"GF, Sofitel Legend Metropole, 15 Ngo Quyen Street, Hoan Kiem Ward, Hanoi, Vietnam",21.0256333,105.8555339,法餐,646,1162,预算估算（非菜单报价）,https://guide.michelin.com/en/ha-noi/ha-noi_2974158/restaurant/le-beaulieu-1213757,公开餐厅坐标，非实地测量；入店前核对门牌,https://www.google.com/maps/dir/?api=1&destination=Le%20Beaulieu%2C%20GF%2C%20Sofitel%20Legend%20Metropole%2C%2015%20Ngo%20Quyen%20Street%2C%20Hoan%20Kiem%20Ward%2C%20Hanoi%2C%20Vietnam
VN051,MÀU,河内,"5 Van Mieu Street, Quoc Tu Giam Ward, Hanoi, Vietnam",21.0297174,105.837019,当代料理,77,168,预算估算（非菜单报价）,https://guide.michelin.com/en/ha-noi/ha-noi_2974158/restaurant/mau,公开餐厅坐标，非实地测量；入店前核对门牌,https://www.google.com/maps/dir/?api=1&destination=M%C3%80U%2C%205%20Van%20Mieu%20Street%2C%20Quoc%20Tu%20Giam%20Ward%2C%20Hanoi%2C%20Vietnam
VN052,Ngon Garden,河内,"70 Nguyen Du Street, Hai Ba Trung Ward, Hanoi, Vietnam",21.01975,105.84519,越南菜,77,168,预算估算（非菜单报价）,https://guide.michelin.com/en/ha-noi/ha-noi_2974158/restaurant/ngon-garden,公开餐厅坐标，非实地测量；入店前核对门牌,https://www.google.com/maps/dir/?api=1&destination=Ngon%20Garden%2C%2070%20Nguyen%20Du%20Street%2C%20Hai%20Ba%20Trung%20Ward%2C%20Hanoi%2C%20Vietnam
VN055,Phở Cuốn Chinh Thắng,河内,"7 Mac Dinh Chi Street, Truc Bach Ward, Hanoi, Vietnam",21.0464519,105.8411791,鲜河粉卷,15,31,预算估算（非菜单报价）,https://guide.michelin.com/en/ha-noi/ha-noi_2974158/restaurant/pho-cuon-chinh-thang,公开餐厅坐标，非实地测量；入店前核对门牌,https://www.google.com/maps/dir/?api=1&destination=Ph%E1%BB%9F%20Cu%E1%BB%91n%20Chinh%20Th%E1%BA%AFng%2C%207%20Mac%20Dinh%20Chi%20Street%2C%20Truc%20Bach%20Ward%2C%20Hanoi%2C%20Vietnam
VN056,Phở Gà Châm (Yen Ninh Street),河内,"64-68 Yen Ninh Street, Ba Dinh Ward, Hanoi, Vietnam",21.0424559,105.8439011,鸡肉河粉,15,31,预算估算（非菜单报价）,https://guide.michelin.com/en/ha-noi/ha-noi_2974158/restaurant/pho-ga-cham-yen-ninh-street,公开餐厅坐标，非实地测量；入店前核对门牌,https://www.google.com/maps/dir/?api=1&destination=Ph%E1%BB%9F%20G%C3%A0%20Ch%C3%A2m%20%28Yen%20Ninh%20Street%29%2C%2064-68%20Yen%20Ninh%20Street%2C%20Ba%20Dinh%20Ward%2C%20Hanoi%2C%20Vietnam
VN057,Phở Gà Huyền Hương,河内,"20 Bao Khanh Street, Hoan Kiem Ward, Hanoi, Vietnam",21.0301353,105.8504464,鸡肉河粉,15,31,预算估算（非菜单报价）,https://guide.michelin.com/en/ha-noi/ha-noi_2974158/restaurant/pho-ga-huyen-huong,公开餐厅坐标，非实地测量；入店前核对门牌,https://www.google.com/maps/dir/?api=1&destination=Ph%E1%BB%9F%20G%C3%A0%20Huy%E1%BB%81n%20H%C6%B0%C6%A1ng%2C%2020%20Bao%20Khanh%20Street%2C%20Hoan%20Kiem%20Ward%2C%20Hanoi%2C%20Vietnam
VN058,Phở Tiến,河内,"103 Nguyen Truong To Street, Ba Dinh Ward, Hanoi, Vietnam",21.0430486,105.8436034,河粉,15,31,预算估算（非菜单报价）,https://guide.michelin.com/en/ha-noi/ha-noi_2974158/restaurant/pho-tien,公开餐厅坐标，非实地测量；入店前核对门牌,https://www.google.com/maps/dir/?api=1&destination=Ph%E1%BB%9F%20Ti%E1%BA%BFn%2C%20103%20Nguyen%20Truong%20To%20Street%2C%20Ba%20Dinh%20Ward%2C%20Hanoi%2C%20Vietnam
VN059,Quán Ăn Ngon (Cửa Nam),河内,"18 Phan Boi Chau Street, Cua Nam Ward, Hanoi, Vietnam",21.0264787,105.8435552,越南菜与地方小吃,77,168,预算估算（非菜单报价）,https://guide.michelin.com/en/ha-noi/ha-noi_2974158/restaurant/quan-an-ngon,公开餐厅坐标，非实地测量；入店前核对门牌,https://www.google.com/maps/dir/?api=1&destination=Qu%C3%A1n%20%C4%82n%20Ngon%20%28C%E1%BB%ADa%20Nam%29%2C%2018%20Phan%20Boi%20Chau%20Street%2C%20Cua%20Nam%20Ward%2C%20Hanoi%2C%20Vietnam
VN060,Senté (Nguyen Quang Bich Street),河内,"20 Nguyen Quang Bich Street, Hoan Kiem Ward, Hanoi, Vietnam",21.0321095,105.8457201,越南当代料理,77,168,预算估算（非菜单报价）,https://guide.michelin.com/en/ha-noi/ha-noi_2974158/restaurant/sente-nguyen-quang-bich-street,公开餐厅坐标，非实地测量；入店前核对门牌,https://www.google.com/maps/dir/?api=1&destination=Sent%C3%A9%20%28Nguyen%20Quang%20Bich%20Street%29%2C%2020%20Nguyen%20Quang%20Bich%20Street%2C%20Hoan%20Kiem%20Ward%2C%20Hanoi%2C%20Vietnam
VN061,T.U.N.G dining,河内,"2C Quang Trung Street, Hoan Kiem Ward, Hanoi, Vietnam",21.0267108,105.8500595,创意品鉴套餐,646,1162,预算估算（非菜单报价）,https://guide.michelin.com/en/ha-noi/ha-noi_2974158/restaurant/t-u-n-g-dining,公开餐厅坐标，非实地测量；入店前核对门牌,https://www.google.com/maps/dir/?api=1&destination=T.U.N.G%20dining%2C%202C%20Quang%20Trung%20Street%2C%20Hoan%20Kiem%20Ward%2C%20Hanoi%2C%20Vietnam
VN062,Tanh Tách,河内,"3 Yet Kieu Street, Cua Nam Ward, Hanoi, Vietnam",21.0201154,105.8427666,鱼与海鲜,258,568,预算估算（非菜单报价）,https://guide.michelin.com/en/ha-noi/ha-noi_2974158/restaurant/tanh-tach,公开餐厅坐标，非实地测量；入店前核对门牌,https://www.google.com/maps/dir/?api=1&destination=Tanh%20T%C3%A1ch%2C%203%20Yet%20Kieu%20Street%2C%20Cua%20Nam%20Ward%2C%20Hanoi%2C%20Vietnam
VN064,Vien Dining,河内,"3 Ba Trieu Alley, Hai Ba Trung Ward, Hanoi, Vietnam",21.0125232,105.8488674,创意料理,77,168,预算估算（非菜单报价）,https://guide.michelin.com/en/ha-noi/ha-noi_2974158/restaurant/vien-dining,公开餐厅坐标，非实地测量；入店前核对门牌,https://www.google.com/maps/dir/?api=1&destination=Vien%20Dining%2C%203%20Ba%20Trieu%20Alley%2C%20Hai%20Ba%20Trung%20Ward%2C%20Hanoi%2C%20Vietnam
VN063,Vị An (Đống Đa),河内,"145 Hoang Cau Street, Dong Da Ward, Hanoi, Vietnam",21.0162588,105.8212898,越南菜,77,168,预算估算（非菜单报价）,https://guide.michelin.com/en/ha-noi/ha-noi_2974158/restaurant/vi-an,公开餐厅坐标，非实地测量；入店前核对门牌,https://www.google.com/maps/dir/?api=1&destination=V%E1%BB%8B%20An%20%28%C4%90%E1%BB%91ng%20%C4%90a%29%2C%20145%20Hoang%20Cau%20Street%2C%20Dong%20Da%20Ward%2C%20Hanoi%2C%20Vietnam
VN065,Zao,河内,"4 Ngo Hue Street, Hai Ba Trung Ward, Hanoi, Vietnam",21.01482,105.85299,越南当代料理,77,168,预算估算（非菜单报价）,https://guide.michelin.com/en/ha-noi/ha-noi_2974158/restaurant/zao,公开餐厅坐标，非实地测量；入店前核对门牌,https://www.google.com/maps/dir/?api=1&destination=Zao%2C%204%20Ngo%20Hue%20Street%2C%20Hai%20Ba%20Trung%20Ward%2C%20Hanoi%2C%20Vietnam
VN053,Ốc Dì Tú,河内,"144C Quan Thanh Street, Ba Dinh Ward, Hanoi, Vietnam",21.0426621,105.8417341,螺类、贝类与海鲜,103,232,预算估算（非菜单报价）,https://guide.michelin.com/en/ha-noi/ha-noi_2974158/restaurant/oc-di-tu,公开餐厅坐标，非实地测量；入店前核对门牌,https://www.google.com/maps/dir/?api=1&destination=%E1%BB%90c%20D%C3%AC%20T%C3%BA%2C%20144C%20Quan%20Thanh%20Street%2C%20Ba%20Dinh%20Ward%2C%20Hanoi%2C%20Vietnam
VN054,Ốc Vi Saigon,河内,"21 Gia Ngu Street, Hoan Kiem Ward, Hanoi, Vietnam",21.0329841,105.8527937,螺类、贝类与海鲜,65,155,预算估算（非菜单报价）,https://guide.michelin.com/en/ha-noi/ha-noi_2974158/restaurant/oc-vi-saigon,公开餐厅坐标，非实地测量；入店前核对门牌,https://www.google.com/maps/dir/?api=1&destination=%E1%BB%90c%20Vi%20Saigon%2C%2021%20Gia%20Ngu%20Street%2C%20Hoan%20Kiem%20Ward%2C%20Hanoi%2C%20Vietnam
VN147,La Maison 1888,岘港,"InterContinental Danang Sun Peninsula Resort, Son Tra Ward, Da Nang, Vietnam",16.1218937,108.3066406,法式当代料理；品鉴套餐,1549,1963,官方菜单价（税费前）,https://guide.michelin.com/en/da-nang-region/da-nang_2984390/restaurant/la-maison-1888,公开餐厅坐标，非实地测量；入店前核对门牌,https://www.google.com/maps/dir/?api=1&destination=La%20Maison%201888%2C%20InterContinental%20Danang%20Sun%20Peninsula%20Resort%2C%20Son%20Tra%20Ward%2C%20Da%20Nang%2C%20Vietnam
VN150,Bà Vui,岘港,"55 Le Hong Phong Street, Hai Chau Ward, Da Nang, Vietnam",16.0641542,108.2208754,鸡肉汤米线、鸡肉糯米饭,9,21,预算估算（非菜单报价）,https://guide.michelin.com/en/da-nang-region/da-nang_2984390/restaurant/ba-vui,公开餐厅坐标，非实地测量；入店前核对门牌,https://www.google.com/maps/dir/?api=1&destination=B%C3%A0%20Vui%2C%2055%20Le%20Hong%20Phong%20Street%2C%20Hai%20Chau%20Ward%2C%20Da%20Nang%2C%20Vietnam
VN149,Bà Đông,岘港,"145 Huynh Thuc Khang Street, Hai Chau Ward, Da Nang, Vietnam",16.0574415,108.2181012,粉面,9,21,预算估算（非菜单报价）,https://guide.michelin.com/en/da-nang-region/da-nang_2984390/restaurant/ba-%C4%91ong,公开餐厅坐标，非实地测量；入店前核对门牌,https://www.google.com/maps/dir/?api=1&destination=B%C3%A0%20%C4%90%C3%B4ng%2C%20145%20Huynh%20Thuc%20Khang%20Street%2C%20Hai%20Chau%20Ward%2C%20Da%20Nang%2C%20Vietnam
VN151,Bánh Bèo - Bánh đập,岘港,"251 Phan Chau Trinh Street, Hai Chau Ward, Da Nang, Vietnam",16.0598894,108.2194858,蒸米糕、米纸薄饼小吃,9,21,预算估算（非菜单报价）,https://guide.michelin.com/en/da-nang-region/da-nang_2984390/restaurant/banh-beo-banh-%C4%91ap,公开餐厅坐标，非实地测量；入店前核对门牌,https://www.google.com/maps/dir/?api=1&destination=B%C3%A1nh%20B%C3%A8o%20-%20B%C3%A1nh%20%C4%91%E1%BA%ADp%2C%20251%20Phan%20Chau%20Trinh%20Street%2C%20Hai%20Chau%20Ward%2C%20Da%20Nang%2C%20Vietnam
VN152,Bánh Xèo 76,岘港,"85A Le Van Huu Street, Ngu Hanh Son Ward, Da Nang, Vietnam",16.0424731,108.2399598,越南煎饼,13,26,预算估算（非菜单报价）,https://guide.michelin.com/en/da-nang-region/da-nang_2984390/restaurant/banh-xeo-76,公开餐厅坐标，非实地测量；入店前核对门牌,https://www.google.com/maps/dir/?api=1&destination=B%C3%A1nh%20X%C3%A8o%2076%2C%2085A%20Le%20Van%20Huu%20Street%2C%20Ngu%20Hanh%20Son%20Ward%2C%20Da%20Nang%2C%20Vietnam
VN153,Bánh Xèo Tôm Nhảy Cô Ba,岘港,"248 Trung Nu Vuong Street, Hoa Cuong Ward, Da Nang, Vietnam",16.0545067,108.2197565,鲜虾越南煎饼,15,34,预算估算（非菜单报价）,https://guide.michelin.com/en/da-nang-region/da-nang_2984390/restaurant/banh-xeo-tom-nhay-co-ba,公开餐厅坐标，非实地测量；入店前核对门牌,https://www.google.com/maps/dir/?api=1&destination=B%C3%A1nh%20X%C3%A8o%20T%C3%B4m%20Nh%E1%BA%A3y%20C%C3%B4%20Ba%2C%20248%20Trung%20Nu%20Vuong%20Street%2C%20Hoa%20Cuong%20Ward%2C%20Da%20Nang%2C%20Vietnam
VN154,Bé Ni 2,岘港,"228 Vo Nguyen Giap Street, An Hai Ward, Da Nang, Vietnam",16.066809,108.244791,海鲜,103,232,预算估算（非菜单报价）,https://guide.michelin.com/en/da-nang-region/da-nang_2984390/restaurant/be-ni-2,公开餐厅坐标，非实地测量；入店前核对门牌,https://www.google.com/maps/dir/?api=1&destination=B%C3%A9%20Ni%202%2C%20228%20Vo%20Nguyen%20Giap%20Street%2C%20An%20Hai%20Ward%2C%20Da%20Nang%2C%20Vietnam
VN155,Bún Bò Bà Rơi (Hoà Cường),岘港,"5 Phan Thanh Tai Street, Hoa Cuong Ward, Da Nang, Vietnam",16.0537594,108.2214295,牛肉米线,9,21,预算估算（非菜单报价）,https://guide.michelin.com/en/da-nang-region/da-nang_2984390/restaurant/bun-bo-ba-roi-hai-chau,公开餐厅坐标，非实地测量；入店前核对门牌,https://www.google.com/maps/dir/?api=1&destination=B%C3%BAn%20B%C3%B2%20B%C3%A0%20R%C6%A1i%20%28Ho%C3%A0%20C%C6%B0%E1%BB%9Dng%29%2C%205%20Phan%20Thanh%20Tai%20Street%2C%20Hoa%20Cuong%20Ward%2C%20Da%20Nang%2C%20Vietnam
VN156,Bún Bò Huế Bà Thương,岘港,"23 Tran Quoc Toan Street, Hai Chau Ward, Da Nang, Vietnam",16.0669093,108.2229997,顺化牛肉米线,9,21,预算估算（非菜单报价）,https://guide.michelin.com/en/da-nang-region/da-nang_2984390/restaurant/bun-bo-hue-ba-thuong,公开餐厅坐标，非实地测量；入店前核对门牌,https://www.google.com/maps/dir/?api=1&destination=B%C3%BAn%20B%C3%B2%20Hu%E1%BA%BF%20B%C3%A0%20Th%C6%B0%C6%A1ng%2C%2023%20Tran%20Quoc%20Toan%20Street%2C%20Hai%20Chau%20Ward%2C%20Da%20Nang%2C%20Vietnam
VN157,Bún Chả Cá 109,岘港,"109 Nguyen Chi Thanh Street, Hai Chau Ward, Da Nang, Vietnam",16.0745199,108.2207547,鱼饼米线,9,21,预算估算（非菜单报价）,https://guide.michelin.com/en/da-nang-region/da-nang_2984390/restaurant/bun-cha-ca-109,公开餐厅坐标，非实地测量；入店前核对门牌,https://www.google.com/maps/dir/?api=1&destination=B%C3%BAn%20Ch%E1%BA%A3%20C%C3%A1%20109%2C%20109%20Nguyen%20Chi%20Thanh%20Street%2C%20Hai%20Chau%20Ward%2C%20Da%20Nang%2C%20Vietnam
VN158,Bún Chả Cá Hờn,岘港,"113/03 Nguyen Chi Thanh Street, Hai Chau Ward, Da Nang, Vietnam",16.0741438,108.2212217,鱼饼米线,9,21,预算估算（非菜单报价）,https://guide.michelin.com/en/da-nang-region/da-nang_2984390/restaurant/bun-cha-ca-hon,公开餐厅坐标，非实地测量；入店前核对门牌,https://www.google.com/maps/dir/?api=1&destination=B%C3%BAn%20Ch%E1%BA%A3%20C%C3%A1%20H%E1%BB%9Dn%2C%20113/03%20Nguyen%20Chi%20Thanh%20Street%2C%20Hai%20Chau%20Ward%2C%20Da%20Nang%2C%20Vietnam
VN159,Cô Chủ Nhỏ,岘港,"36 Phan Tu Street, Ngu Hanh Son Ward, Da Nang, Vietnam",16.0462151,108.245465,越南街头小吃,31,65,预算估算（非菜单报价）,https://guide.michelin.com/en/da-nang-region/da-nang_2984390/restaurant/co-chu-nho,公开餐厅坐标，非实地测量；入店前核对门牌,https://www.google.com/maps/dir/?api=1&destination=C%C3%B4%20Ch%E1%BB%A7%20Nh%E1%BB%8F%2C%2036%20Phan%20Tu%20Street%2C%20Ngu%20Hanh%20Son%20Ward%2C%20Da%20Nang%2C%20Vietnam
VN160,Indian Aroma,岘港,"69 Hoai Thanh Street, Ngu Hanh Son Ward, Da Nang, Vietnam",16.0487165,108.2371295,印度菜,31,65,预算估算（非菜单报价）,https://guide.michelin.com/en/da-nang-region/da-nang_2984390/restaurant/indian-aroma-restaurant,公开餐厅坐标，非实地测量；入店前核对门牌,https://www.google.com/maps/dir/?api=1&destination=Indian%20Aroma%2C%2069%20Hoai%20Thanh%20Street%2C%20Ngu%20Hanh%20Son%20Ward%2C%20Da%20Nang%2C%20Vietnam
VN161,Lê Gia Khang (Ngũ Hành Sơn),岘港,"19 Le Quang Dao Street, Ngu Hanh Son Ward, Da Nang, Vietnam",16.0548911,108.2441419,顺化牛肉米线；可选牛骨肉等配料,9,21,预算估算（非菜单报价）,https://guide.michelin.com/en/da-nang-region/da-nang_2984390/restaurant/le-gia-khang-ngu-hanh-son,公开餐厅坐标，非实地测量；入店前核对门牌,https://www.google.com/maps/dir/?api=1&destination=L%C3%AA%20Gia%20Khang%20%28Ng%C5%A9%20H%C3%A0nh%20S%C6%A1n%29%2C%2019%20Le%20Quang%20Dao%20Street%2C%20Ngu%20Hanh%20Son%20Ward%2C%20Da%20Nang%2C%20Vietnam
VN162,Mỳ Quảng Sứa Hồng Vân,岘港,"59 Le Hong Phong Street, Hai Chau Ward, Da Nang, Vietnam",16.064079,108.220627,广南面；海蜇,9,21,预算估算（非菜单报价）,https://guide.michelin.com/en/da-nang-region/da-nang_2984390/restaurant/my-quang-sua-hong-van,公开餐厅坐标，非实地测量；入店前核对门牌,https://www.google.com/maps/dir/?api=1&destination=M%E1%BB%B3%20Qu%E1%BA%A3ng%20S%E1%BB%A9a%20H%E1%BB%93ng%20V%C3%A2n%2C%2059%20Le%20Hong%20Phong%20Street%2C%20Hai%20Chau%20Ward%2C%20Da%20Nang%2C%20Vietnam
VN163,Nam Hìn (Phan Thanh Street),岘港,"46 Phan Thanh Street, Thanh Khe Ward, Da Nang, Vietnam",16.064686,108.20793,越南菜、煎饼,15,34,预算估算（非菜单报价）,https://guide.michelin.com/en/da-nang-region/da-nang_2984390/restaurant/nam-hien-phan-thanh-street,公开餐厅坐标，非实地测量；入店前核对门牌,https://www.google.com/maps/dir/?api=1&destination=Nam%20H%C3%ACn%20%28Phan%20Thanh%20Street%29%2C%2046%20Phan%20Thanh%20Street%2C%20Thanh%20Khe%20Ward%2C%20Da%20Nang%2C%20Vietnam
VN164,Ngọc Chi,岘港,"202 Hoang Dieu Street, Hoa Cuong Ward, Da Nang, Vietnam",16.0620931,108.2174064,越式素食,31,65,预算估算（非菜单报价）,https://guide.michelin.com/en/da-nang-region/da-nang_2984390/restaurant/ngoc-chi,公开餐厅坐标，非实地测量；入店前核对门牌,https://www.google.com/maps/dir/?api=1&destination=Ng%E1%BB%8Dc%20Chi%2C%20202%20Hoang%20Dieu%20Street%2C%20Hoa%20Cuong%20Ward%2C%20Da%20Nang%2C%20Vietnam
VN165,Phú Hồng,岘港,"19 Yen Bai Street, Hai Chau Ward, Da Nang, Vietnam",16.0696386,108.2229549,越南烤肉小吃,15,34,预算估算（非菜单报价）,https://guide.michelin.com/en/da-nang-region/da-nang_2984390/restaurant/phu-hong,公开餐厅坐标，非实地测量；入店前核对门牌,https://www.google.com/maps/dir/?api=1&destination=Ph%C3%BA%20H%E1%BB%93ng%2C%2019%20Yen%20Bai%20Street%2C%20Hai%20Chau%20Ward%2C%20Da%20Nang%2C%20Vietnam
VN166,Quán Nhân,岘港,"83 Phan Tu Street, Ngu Hanh Son Ward, Da Nang, Vietnam",16.0464239,108.2455548,越南街头小吃,31,65,预算估算（非菜单报价）,https://guide.michelin.com/en/da-nang-region/da-nang_2984390/restaurant/quan-nhan,公开餐厅坐标，非实地测量；入店前核对门牌,https://www.google.com/maps/dir/?api=1&destination=Qu%C3%A1n%20Nh%C3%A2n%2C%2083%20Phan%20Tu%20Street%2C%20Ngu%20Hanh%20Son%20Ward%2C%20Da%20Nang%2C%20Vietnam
VN167,Quê Xưa (Hòa Cường),岘港,"165-167 Nui Thanh Street, Hoa Cuong Ward, Da Nang, Vietnam",16.04708,108.2211049,越南菜；广南面,31,65,预算估算（非菜单报价）,https://guide.michelin.com/en/da-nang-region/da-nang_2984390/restaurant/que-xua,公开餐厅坐标，非实地测量；入店前核对门牌,https://www.google.com/maps/dir/?api=1&destination=Qu%C3%AA%20X%C6%B0a%20%28H%C3%B2a%20C%C6%B0%E1%BB%9Dng%29%2C%20165-167%20Nui%20Thanh%20Street%2C%20Hoa%20Cuong%20Ward%2C%20Da%20Nang%2C%20Vietnam
VN168,Rang,岘港,"384 Vo Nguyen Giap Street, Ngu Hanh Son Ward, Da Nang, Vietnam",16.0430524,108.24779,印度料理,52,129,预算估算（非菜单报价）,https://guide.michelin.com/en/da-nang-region/da-nang_2984390/restaurant/rang,公开餐厅坐标，非实地测量；入店前核对门牌,https://www.google.com/maps/dir/?api=1&destination=Rang%2C%20384%20Vo%20Nguyen%20Giap%20Street%2C%20Ngu%20Hanh%20Son%20Ward%2C%20Da%20Nang%2C%20Vietnam
VN169,Shamballa,岘港,"277 Tran Hung Dao Street, An Hai Ward, Da Nang, Vietnam",16.0759305,108.2289527,素食,52,129,预算估算（非菜单报价）,https://guide.michelin.com/en/da-nang-region/da-nang_2984390/restaurant/shamballa,公开餐厅坐标，非实地测量；入店前核对门牌,https://www.google.com/maps/dir/?api=1&destination=Shamballa%2C%20277%20Tran%20Hung%20Dao%20Street%2C%20An%20Hai%20Ward%2C%20Da%20Nang%2C%20Vietnam
VN170,Thìa Gỗ,岘港,"53 Phan Thuc Duyen Street, Ngu Hanh Son Ward, Da Nang, Vietnam",16.052986,108.24158,越南菜,31,65,预算估算（非菜单报价）,https://guide.michelin.com/en/da-nang-region/da-nang_2984390/restaurant/thia-go%C2%A0,公开餐厅坐标，非实地测量；入店前核对门牌,https://www.google.com/maps/dir/?api=1&destination=Th%C3%ACa%20G%E1%BB%97%2C%2053%20Phan%20Thuc%20Duyen%20Street%2C%20Ngu%20Hanh%20Son%20Ward%2C%20Da%20Nang%2C%20Vietnam
VN148,Ăn Thôi,岘港,"114 Bach Dang Street, Hai Chau Ward, Da Nang, Vietnam",16.0684464,108.2248426,越南菜,31,65,预算估算（非菜单报价）,https://guide.michelin.com/en/da-nang-region/da-nang_2984390/restaurant/an-thoi,公开餐厅坐标，非实地测量；入店前核对门牌,https://www.google.com/maps/dir/?api=1&destination=%C4%82n%20Th%C3%B4i%2C%20114%20Bach%20Dang%20Street%2C%20Hai%20Chau%20Ward%2C%20Da%20Nang%2C%20Vietnam
VN171,Bà Diệu (Tran Tong Street),岘港,"17 Tran Tong Street, Thanh Khe Ward, Da Nang, Vietnam",16.0586231,108.2109151,汤粉,9,21,预算估算（非菜单报价）,https://guide.michelin.com/en/da-nang-region/da-nang_2984390/restaurant/ba-dieu-tran-tong-street,公开餐厅坐标，非实地测量；入店前核对门牌,https://www.google.com/maps/dir/?api=1&destination=B%C3%A0%20Di%E1%BB%87u%20%28Tran%20Tong%20Street%29%2C%2017%20Tran%20Tong%20Street%2C%20Thanh%20Khe%20Ward%2C%20Da%20Nang%2C%20Vietnam
VN172,Bánh Canh Yến (Hải Châu),岘港,"253 Nguyen Hoang Street, Hai Chau Ward, Da Nang, Vietnam",16.0578177,108.2132186,越式粗米粉汤,9,21,预算估算（非菜单报价）,https://guide.michelin.com/en/da-nang-region/da-nang_2984390/restaurant/banh-canh-yen,公开餐厅坐标，非实地测量；入店前核对门牌,https://www.google.com/maps/dir/?api=1&destination=B%C3%A1nh%20Canh%20Y%E1%BA%BFn%20%28H%E1%BA%A3i%20Ch%C3%A2u%29%2C%20253%20Nguyen%20Hoang%20Street%2C%20Hai%20Chau%20Ward%2C%20Da%20Nang%2C%20Vietnam
VN173,Bánh Xèo Bà Dưỡng,岘港,"280/23 Hoang Dieu Street, Hoa Cuong Ward, Da Nang, Vietnam",16.058836,108.216052,越南煎饼、猪肉串；花生肉末蘸酱,15,31,预算估算（非菜单报价）,https://guide.michelin.com/en/da-nang-region/da-nang_2984390/restaurant/banh-xeo-ba-duong,公开餐厅坐标，非实地测量；入店前核对门牌,https://www.google.com/maps/dir/?api=1&destination=B%C3%A1nh%20X%C3%A8o%20B%C3%A0%20D%C6%B0%E1%BB%A1ng%2C%20280/23%20Hoang%20Dieu%20Street%2C%20Hoa%20Cuong%20Ward%2C%20Da%20Nang%2C%20Vietnam
VN174,Bé Mặn,岘港,"Lot 9, Vo Nguyen Giap Street, Son Tra Ward, Da Nang, Vietnam",16.0817651,108.2472366,海鲜,129,310,预算估算（非菜单报价）,https://guide.michelin.com/en/da-nang-region/da-nang_2984390/restaurant/be-man,公开餐厅坐标，非实地测量；入店前核对门牌,https://www.google.com/maps/dir/?api=1&destination=B%C3%A9%20M%E1%BA%B7n%2C%20Lot%209%2C%20Vo%20Nguyen%20Giap%20Street%2C%20Son%20Tra%20Ward%2C%20Da%20Nang%2C%20Vietnam
VN177,Bún Chả Cá Bà Hoa,岘港,"27 Le Hong Phong Street, Hai Chau Ward, Da Nang, Vietnam",16.06389,108.22159,鱼饼米线,9,21,预算估算（非菜单报价）,https://guide.michelin.com/en/da-nang-region/da-nang_2984390/restaurant/bun-cha-ca-ba-hoa,公开餐厅坐标，非实地测量；入店前核对门牌,https://www.google.com/maps/dir/?api=1&destination=B%C3%BAn%20Ch%E1%BA%A3%20C%C3%A1%20B%C3%A0%20Hoa%2C%2027%20Le%20Hong%20Phong%20Street%2C%20Hai%20Chau%20Ward%2C%20Da%20Nang%2C%20Vietnam
VN178,Bún Riêu Cua 39,岘港,"39 Le Hong Phong Street, Hai Chau Ward, Da Nang, Vietnam",16.0669234,108.2231894,蟹肉番茄汤米线,9,18,预算估算（非菜单报价）,https://guide.michelin.com/en/da-nang-region/da-nang_2984390/restaurant/bun-rieu-cua-39,公开餐厅坐标，非实地测量；入店前核对门牌,https://www.google.com/maps/dir/?api=1&destination=B%C3%BAn%20Ri%C3%AAu%20Cua%2039%2C%2039%20Le%20Hong%20Phong%20Street%2C%20Hai%20Chau%20Ward%2C%20Da%20Nang%2C%20Vietnam
VN175,Bếp Cuốn,岘港,"31-33 Tran Bach Dang Street, An Hai Ward, Da Nang, Vietnam",16.0579365,108.2451728,越南菜、米纸卷,52,129,预算估算（非菜单报价）,https://guide.michelin.com/en/da-nang-region/da-nang_2984390/restaurant/bep-cuon,公开餐厅坐标，非实地测量；入店前核对门牌,https://www.google.com/maps/dir/?api=1&destination=B%E1%BA%BFp%20Cu%E1%BB%91n%2C%2031-33%20Tran%20Bach%20Dang%20Street%2C%20An%20Hai%20Ward%2C%20Da%20Nang%2C%20Vietnam
VN176,Bếp Hên,岘港,"47 Le Hong Phong Street, Hai Chau Ward, Da Nang, Vietnam",16.0641288,108.2209519,越南家常菜,31,65,预算估算（非菜单报价）,https://guide.michelin.com/en/da-nang-region/da-nang_2984390/restaurant/bep-hen,公开餐厅坐标，非实地测量；入店前核对门牌,https://www.google.com/maps/dir/?api=1&destination=B%E1%BA%BFp%20H%C3%AAn%2C%2047%20Le%20Hong%20Phong%20Street%2C%20Hai%20Chau%20Ward%2C%20Da%20Nang%2C%20Vietnam
VN179,Cơm Gà Lan,岘港,"520 Trung Nu Vuong Street, Hoa Cuong Ward, Da Nang, Vietnam",16.0488832,108.2130368,鸡肉饭,13,23,预算估算（非菜单报价）,https://guide.michelin.com/en/da-nang-region/da-nang_2984390/restaurant/com-ga-lan,公开餐厅坐标，非实地测量；入店前核对门牌,https://www.google.com/maps/dir/?api=1&destination=C%C6%A1m%20G%C3%A0%20Lan%2C%20520%20Trung%20Nu%20Vuong%20Street%2C%20Hoa%20Cuong%20Ward%2C%20Da%20Nang%2C%20Vietnam
VN180,Dì Hoa (Hòa Cường),岘港,"62/2A Nui Thanh Street, Hoa Cuong Ward, Da Nang, Vietnam",16.0527667,108.2200156,烤米纸小吃；鹌鹑蛋、肉松等配料,9,21,预算估算（非菜单报价）,https://guide.michelin.com/en/da-nang-region/da-nang_2984390/restaurant/di-hoa-hoa-cuong,公开餐厅坐标，非实地测量；入店前核对门牌,https://www.google.com/maps/dir/?api=1&destination=D%C3%AC%20Hoa%20%28H%C3%B2a%20C%C6%B0%E1%BB%9Dng%29%2C%2062/2A%20Nui%20Thanh%20Street%2C%20Hoa%20Cuong%20Ward%2C%20Da%20Nang%2C%20Vietnam
VN181,Le Comptoir,岘港,"16 Che Lan Vien Street, Ngu Hanh Son Ward, Da Nang, Vietnam",16.0435407,108.2455154,法餐,258,568,预算估算（非菜单报价）,https://guide.michelin.com/en/da-nang-region/da-nang_2984390/restaurant/le-comptoir-1211839,公开餐厅坐标，非实地测量；入店前核对门牌,https://www.google.com/maps/dir/?api=1&destination=Le%20Comptoir%2C%2016%20Che%20Lan%20Vien%20Street%2C%20Ngu%20Hanh%20Son%20Ward%2C%20Da%20Nang%2C%20Vietnam
VN182,Luk Lak,岘港,"28 Bach Dang Street, Hai Chau Ward, Da Nang, Vietnam",16.0788486,108.2236448,越南菜,52,129,预算估算（非菜单报价）,https://guide.michelin.com/en/da-nang-region/da-nang_2984390/restaurant/luk-lak-1211910,公开餐厅坐标，非实地测量；入店前核对门牌,https://www.google.com/maps/dir/?api=1&destination=Luk%20Lak%2C%2028%20Bach%20Dang%20Street%2C%20Hai%20Chau%20Ward%2C%20Da%20Nang%2C%20Vietnam
VN183,Madame Lân,岘港,"4 Bach Dang Street, Hai Chau Ward, Da Nang, Vietnam",16.0812954,108.2232854,越南菜与地方小吃,52,116,预算估算（非菜单报价）,https://guide.michelin.com/en/da-nang-region/da-nang_2984390/restaurant/madame-lan,公开餐厅坐标，非实地测量；入店前核对门牌,https://www.google.com/maps/dir/?api=1&destination=Madame%20L%C3%A2n%2C%204%20Bach%20Dang%20Street%2C%20Hai%20Chau%20Ward%2C%20Da%20Nang%2C%20Vietnam
VN186,My Hanh Seafood,岘港,"3-5 Vo Nguyen Giap Street, An Hai Ward, Da Nang, Vietnam",16.06547,108.2459684,海鲜,155,387,预算估算（非菜单报价）,https://guide.michelin.com/en/da-nang-region/da-nang_2984390/restaurant/my-hanh-seafood,公开餐厅坐标，非实地测量；入店前核对门牌,https://www.google.com/maps/dir/?api=1&destination=My%20Hanh%20Seafood%2C%203-5%20Vo%20Nguyen%20Giap%20Street%2C%20An%20Hai%20Ward%2C%20Da%20Nang%2C%20Vietnam
VN184,Mì Quảng 1A,岘港,"1A Hai Phong Street, Hai Chau Ward, Da Nang, Vietnam",16.0722697,108.2191652,广南面,9,21,预算估算（非菜单报价）,https://guide.michelin.com/en/da-nang-region/da-nang_2984390/restaurant/mi-quang-1a,公开餐厅坐标，非实地测量；入店前核对门牌,https://www.google.com/maps/dir/?api=1&destination=M%C3%AC%20Qu%E1%BA%A3ng%201A%2C%201A%20Hai%20Phong%20Street%2C%20Hai%20Chau%20Ward%2C%20Da%20Nang%2C%20Vietnam
VN185,MỘC Quán Seafood,岘港,"26 To Hien Thanh, An Hai Ward, Da Nang, Vietnam",16.0642436,108.2415529,海鲜,103,232,预算估算（非菜单报价）,https://guide.michelin.com/en/da-nang-region/da-nang_2984390/restaurant/moc,公开餐厅坐标，非实地测量；入店前核对门牌,https://www.google.com/maps/dir/?api=1&destination=M%E1%BB%98C%20Qu%C3%A1n%20Seafood%2C%2026%20To%20Hien%20Thanh%2C%20An%20Hai%20Ward%2C%20Da%20Nang%2C%20Vietnam
VN187,Mỳ Quảng Cô Sáu,岘港,"397 Tran Hung Dao Street, An Hai Ward, Da Nang, Vietnam",16.0664166,108.2296495,广南面,9,21,预算估算（非菜单报价）,https://guide.michelin.com/en/da-nang-region/da-nang_2984390/restaurant/my-quang-co-sau,公开餐厅坐标，非实地测量；入店前核对门牌,https://www.google.com/maps/dir/?api=1&destination=M%E1%BB%B3%20Qu%E1%BA%A3ng%20C%C3%B4%20S%C3%A1u%2C%20397%20Tran%20Hung%20Dao%20Street%2C%20An%20Hai%20Ward%2C%20Da%20Nang%2C%20Vietnam
VN190,Nu Đồ Kitchen,岘港,"11/1 Luu Quang Thuan Street, Ngu Hanh Son Ward, Da Nang, Vietnam",16.041299,108.245252,粉面,9,21,预算估算（非菜单报价）,https://guide.michelin.com/en/da-nang-region/da-nang_2984390/restaurant/nu-%C4%91o-kitchen,公开餐厅坐标，非实地测量；入店前核对门牌,https://www.google.com/maps/dir/?api=1&destination=Nu%20%C4%90%E1%BB%93%20Kitchen%2C%2011/1%20Luu%20Quang%20Thuan%20Street%2C%20Ngu%20Hanh%20Son%20Ward%2C%20Da%20Nang%2C%20Vietnam
VN189,Nén Danang,岘港,"16 My Da Tay 2 Street, Ngu Hanh Son Ward, Da Nang, Vietnam",16.03466,108.24062,越南当代品鉴套餐；绿星,646,1162,预算估算（非菜单报价）,https://guide.michelin.com/en/da-nang-region/da-nang_2984390/restaurant/nen-danang,公开餐厅坐标，非实地测量；入店前核对门牌,https://www.google.com/maps/dir/?api=1&destination=N%C3%A9n%20Danang%2C%2016%20My%20Da%20Tay%202%20Street%2C%20Ngu%20Hanh%20Son%20Ward%2C%20Da%20Nang%2C%20Vietnam
VN188,Năm Đảnh,岘港,"139/59/38 Tran Quang Khai Street, Son Tra Ward, Da Nang, Vietnam",16.1021138,108.2528756,海鲜,77,181,预算估算（非菜单报价）,https://guide.michelin.com/en/da-nang-region/da-nang_2984390/restaurant/nam-%C4%91anh,公开餐厅坐标，非实地测量；入店前核对门牌,https://www.google.com/maps/dir/?api=1&destination=N%C4%83m%20%C4%90%E1%BA%A3nh%2C%20139/59/38%20Tran%20Quang%20Khai%20Street%2C%20Son%20Tra%20Ward%2C%20Da%20Nang%2C%20Vietnam
VN191,Olivia's Prime,岘港,"Lot G1-G4, Ground Floor, Indochina Mall, 74 Bach Dang Street, Hai Chau Ward, Da Nang, Vietnam",16.0701482,108.2242387,牛排,646,1162,预算估算（非菜单报价）,https://guide.michelin.com/en/da-nang-region/da-nang_2984390/restaurant/olivia-s-prime,公开餐厅坐标，非实地测量；入店前核对门牌,https://www.google.com/maps/dir/?api=1&destination=Olivia%27s%20Prime%2C%20Lot%20G1-G4%2C%20Ground%20Floor%2C%20Indochina%20Mall%2C%2074%20Bach%20Dang%20Street%2C%20Hai%20Chau%20Ward%2C%20Da%20Nang%2C%20Vietnam
VN192,Si Dining,岘港,"1 Giang Chau 2 Street, Ngu Hanh Son Ward, Da Nang, Vietnam",16.0302343,108.2380513,意大利当代料理,155,310,预算估算（非菜单报价）,https://guide.michelin.com/en/da-nang-region/da-nang_2984390/restaurant/si-dining,公开餐厅坐标，非实地测量；入店前核对门牌,https://www.google.com/maps/dir/?api=1&destination=Si%20Dining%2C%201%20Giang%20Chau%202%20Street%2C%20Ngu%20Hanh%20Son%20Ward%2C%20Da%20Nang%2C%20Vietnam
VN193,The Temptation,岘港,"125 Ho Nghinh Street, An Hai Ward, Da Nang, Vietnam",16.0735611,108.2433229,法式当代料理,258,568,预算估算（非菜单报价）,https://guide.michelin.com/en/da-nang-region/da-nang_2984390/restaurant/the-temptation,公开餐厅坐标，非实地测量；入店前核对门牌,https://www.google.com/maps/dir/?api=1&destination=The%20Temptation%2C%20125%20Ho%20Nghinh%20Street%2C%20An%20Hai%20Ward%2C%20Da%20Nang%2C%20Vietnam
VN066,Akuna,胡志明市,"9F, Le Meridien Hotel, 3C Ton Duc Thang Street, Saigon Ward, Ho Chi Minh City, Vietnam",10.7798895,106.7074227,创意品鉴套餐,904,1291,预算估算（非菜单报价）,https://guide.michelin.com/en/ho-chi-minh/ho-chi-minh_2978179/restaurant/akuna,公开餐厅坐标，非实地测量；入店前核对门牌,https://www.google.com/maps/dir/?api=1&destination=Akuna%2C%209F%2C%20Le%20Meridien%20Hotel%2C%203C%20Ton%20Duc%20Thang%20Street%2C%20Saigon%20Ward%2C%20Ho%20Chi%20Minh%20City%2C%20Vietnam
VN068,CieL,胡志明市,"50 6/3 Street, An Khanh Ward, Ho Chi Minh City, Vietnam",10.805146,106.7341963,创意品鉴套餐,775,1085,预算估算（非菜单报价）,https://guide.michelin.com/en/ho-chi-minh/ho-chi-minh_2978179/restaurant/ciel%C2%A0,公开餐厅坐标，非实地测量；入店前核对门牌,https://www.google.com/maps/dir/?api=1&destination=CieL%2C%2050%206/3%20Street%2C%20An%20Khanh%20Ward%2C%20Ho%20Chi%20Minh%20City%2C%20Vietnam
VN069,Coco Dining,胡志明市,"143 Nam Ky Khoi Nghia Street, Xuan Hoa Ward, Ho Chi Minh City, Vietnam",10.7808709,106.6932479,创意品鉴套餐,646,981,预算估算（非菜单报价）,https://guide.michelin.com/en/ho-chi-minh/ho-chi-minh_2978179/restaurant/coco-dining,公开餐厅坐标，非实地测量；入店前核对门牌,https://www.google.com/maps/dir/?api=1&destination=Coco%20Dining%2C%20143%20Nam%20Ky%20Khoi%20Nghia%20Street%2C%20Xuan%20Hoa%20Ward%2C%20Ho%20Chi%20Minh%20City%2C%20Vietnam
VN070,Long Trieu,胡志明市,"4F, The Reverie Saigon, Times Square Building, 22-36 Nguyen Hue Boulevard, Saigon Ward, Ho Chi Minh City, Vietnam",10.7739539,106.7047515,粤菜；点心、烧味、海鲜,617,1004,官方菜单价（税费前）,https://guide.michelin.com/en/ho-chi-minh/ho-chi-minh_2978179/restaurant/long-trieu,公开餐厅坐标，非实地测量；入店前核对门牌,https://www.google.com/maps/dir/?api=1&destination=Long%20Trieu%2C%204F%2C%20The%20Reverie%20Saigon%2C%20Times%20Square%20Building%2C%2022-36%20Nguyen%20Hue%20Boulevard%2C%20Saigon%20Ward%2C%20Ho%20Chi%20Minh%20City%2C%20Vietnam
VN071,Upstairs,胡志明市,"36 Nguyen Ba Huan Street, An Khanh Ward, Ho Chi Minh City, Vietnam",10.8044888,106.7291323,越南当代品鉴套餐,594,852,官方菜单价（税费前）,https://guide.michelin.com/en/ho-chi-minh/ho-chi-minh_2978179/restaurant/upstairs,公开餐厅坐标，非实地测量；入店前核对门牌,https://www.google.com/maps/dir/?api=1&destination=Upstairs%2C%2036%20Nguyen%20Ba%20Huan%20Street%2C%20An%20Khanh%20Ward%2C%20Ho%20Chi%20Minh%20City%2C%20Vietnam
VN067,Ănăn Saigon,胡志明市,"89 Ton That Dam Street, Saigon Ward, Ho Chi Minh City, Vietnam",10.7719227,106.7028706,越南当代料理；街头风味精致化,775,1033,预算估算（非菜单报价）,https://guide.michelin.com/en/ho-chi-minh/ho-chi-minh_2978179/restaurant/anan-saigon,公开餐厅坐标，非实地测量；入店前核对门牌,https://www.google.com/maps/dir/?api=1&destination=%C4%82n%C4%83n%20Saigon%2C%2089%20Ton%20That%20Dam%20Street%2C%20Saigon%20Ward%2C%20Ho%20Chi%20Minh%20City%2C%20Vietnam
VN072,Bánh Canh Cua Bà Ba,胡志明市,"84/6 Nguyen Bieu Street, Cho Quan Ward, Ho Chi Minh City, Vietnam",10.7551971,106.684595,蟹肉粗米粉汤；配鱼饼、蛋,15,31,预算估算（非菜单报价）,https://guide.michelin.com/en/ho-chi-minh/ho-chi-minh_2978179/restaurant/banh-canh-cua-ba-ba,公开餐厅坐标，非实地测量；入店前核对门牌,https://www.google.com/maps/dir/?api=1&destination=B%C3%A1nh%20Canh%20Cua%20B%C3%A0%20Ba%2C%2084/6%20Nguyen%20Bieu%20Street%2C%20Cho%20Quan%20Ward%2C%20Ho%20Chi%20Minh%20City%2C%20Vietnam
VN073,Bánh Cuốn Tây Hồ 127,胡志明市,"127 Dinh Tien Hoang Street, Tan Dinh Ward, Ho Chi Minh City, Vietnam",10.7908015,106.6969749,越式蒸米皮卷；猪肉、豆薯馅,13,26,预算估算（非菜单报价）,https://guide.michelin.com/en/ho-chi-minh/ho-chi-minh_2978179/restaurant/banh-cuon-tay-ho-127,公开餐厅坐标，非实地测量；入店前核对门牌,https://www.google.com/maps/dir/?api=1&destination=B%C3%A1nh%20Cu%E1%BB%91n%20T%C3%A2y%20H%E1%BB%93%20127%2C%20127%20Dinh%20Tien%20Hoang%20Street%2C%20Tan%20Dinh%20Ward%2C%20Ho%20Chi%20Minh%20City%2C%20Vietnam
VN074,Bánh Xèo 46A,胡志明市,"46 Dinh Cong Trang Street, Tan Dinh Ward, Ho Chi Minh City, Vietnam",10.7895934,106.6913619,越南虾肉煎饼,31,57,预算估算（非菜单报价）,https://guide.michelin.com/en/ho-chi-minh/ho-chi-minh_2978179/restaurant/banh-xeo-46a,公开餐厅坐标，非实地测量；入店前核对门牌,https://www.google.com/maps/dir/?api=1&destination=B%C3%A1nh%20X%C3%A8o%2046A%2C%2046%20Dinh%20Cong%20Trang%20Street%2C%20Tan%20Dinh%20Ward%2C%20Ho%20Chi%20Minh%20City%2C%20Vietnam
VN076,Bò Kho Gánh,胡志明市,"029 Lot H, Ngo Gia Tu Apartment, Su Van Hanh Street, Vuon Lai Ward, Ho Chi Minh City, Vietnam",10.761215,106.669885,越式炖牛肉；搭配面包或粉,46,90,预算估算（非菜单报价）,https://guide.michelin.com/en/ho-chi-minh/ho-chi-minh_2978179/restaurant/bo-kho-ganh,公开餐厅坐标，非实地测量；入店前核对门牌,https://www.google.com/maps/dir/?api=1&destination=B%C3%B2%20Kho%20G%C3%A1nh%2C%20029%20Lot%20H%2C%20Ngo%20Gia%20Tu%20Apartment%2C%20Su%20Van%20Hanh%20Street%2C%20Vuon%20Lai%20Ward%2C%20Ho%20Chi%20Minh%20City%2C%20Vietnam
VN077,Bún Bò Huế 14B,胡志明市,"14B Street 46, Vinh Hoi Ward, Ho Chi Minh City, Vietnam",10.759416,106.69741,顺化牛肉米线,15,31,预算估算（非菜单报价）,https://guide.michelin.com/en/ho-chi-minh/ho-chi-minh_2978179/restaurant/bun-bo-hue-14b,公开餐厅坐标，非实地测量；入店前核对门牌,https://www.google.com/maps/dir/?api=1&destination=B%C3%BAn%20B%C3%B2%20Hu%E1%BA%BF%2014B%2C%2014B%20Street%2046%2C%20Vinh%20Hoi%20Ward%2C%20Ho%20Chi%20Minh%20City%2C%20Vietnam
VN078,Bún Riêu Yến,胡志明市,"1346 Truong Sa Street, Tan Son Hoa Ward, Ho Chi Minh City, Vietnam",10.7917087,106.6640324,蟹肉番茄汤米线,15,31,预算估算（非菜单报价）,https://guide.michelin.com/en/ho-chi-minh/ho-chi-minh_2978179/restaurant/bun-rieu-yen,公开餐厅坐标，非实地测量；入店前核对门牌,https://www.google.com/maps/dir/?api=1&destination=B%C3%BAn%20Ri%C3%AAu%20Y%E1%BA%BFn%2C%201346%20Truong%20Sa%20Street%2C%20Tan%20Son%20Hoa%20Ward%2C%20Ho%20Chi%20Minh%20City%2C%20Vietnam
VN075,Bếp Mẹ ỉn (Le Thanh Ton Street),胡志明市,"136 Le Thanh Ton Street, Ben Thanh Ward, Ho Chi Minh City, Vietnam",10.7739937,106.6982066,越南家常菜,46,90,预算估算（非菜单报价）,https://guide.michelin.com/en/ho-chi-minh/ho-chi-minh_2978179/restaurant/bep-me-in-le-thanh-ton,公开餐厅坐标，非实地测量；入店前核对门牌,https://www.google.com/maps/dir/?api=1&destination=B%E1%BA%BFp%20M%E1%BA%B9%20%E1%BB%89n%20%28Le%20Thanh%20Ton%20Street%29%2C%20136%20Le%20Thanh%20Ton%20Street%2C%20Ben%20Thanh%20Ward%2C%20Ho%20Chi%20Minh%20City%2C%20Vietnam
VN079,Chay Garden (Xuan Hoa),胡志明市,"52 Vo Van Tan Street, Xuan Hoa Ward, Ho Chi Minh City, Vietnam",10.778071,106.6909017,越式素食,46,90,预算估算（非菜单报价）,https://guide.michelin.com/en/ho-chi-minh/ho-chi-minh_2978179/restaurant/chay-garden,公开餐厅坐标，非实地测量；入店前核对门牌,https://www.google.com/maps/dir/?api=1&destination=Chay%20Garden%20%28Xuan%20Hoa%29%2C%2052%20Vo%20Van%20Tan%20Street%2C%20Xuan%20Hoa%20Ward%2C%20Ho%20Chi%20Minh%20City%2C%20Vietnam
VN080,Chị Mơ,胡志明市,"23C Le Van Mien Street, An Khanh Ward, Ho Chi Minh City, Vietnam",10.8055643,106.732977,越南菜；河粉、烤鱼等,90,207,预算估算（非菜单报价）,https://guide.michelin.com/en/ho-chi-minh/ho-chi-minh_2978179/restaurant/chi-mo,公开餐厅坐标，非实地测量；入店前核对门牌,https://www.google.com/maps/dir/?api=1&destination=Ch%E1%BB%8B%20M%C6%A1%2C%2023C%20Le%20Van%20Mien%20Street%2C%20An%20Khanh%20Ward%2C%20Ho%20Chi%20Minh%20City%2C%20Vietnam
VN081,Cơm Tấm Ba Ghiền,胡志明市,"84 Dang Van Ngu Street, Phu Nhuan Ward, Ho Chi Minh City, Vietnam",10.79444,106.66935,碎米饭；烤猪排,21,36,预算估算（非菜单报价）,https://guide.michelin.com/en/ho-chi-minh/ho-chi-minh_2978179/restaurant/com-tam-ba-ghien,公开餐厅坐标，非实地测量；入店前核对门牌,https://www.google.com/maps/dir/?api=1&destination=C%C6%A1m%20T%E1%BA%A5m%20Ba%20Ghi%E1%BB%81n%2C%2084%20Dang%20Van%20Ngu%20Street%2C%20Phu%20Nhuan%20Ward%2C%20Ho%20Chi%20Minh%20City%2C%20Vietnam
VN082,Cục Gạch Quán,胡志明市,"10 Dang Tat Street, Tan Dinh Ward, Ho Chi Minh City, Vietnam",10.7930299,106.6892557,越南家常菜,90,181,预算估算（非菜单报价）,https://guide.michelin.com/en/ho-chi-minh/ho-chi-minh_2978179/restaurant/cuc-gach-quan,公开餐厅坐标，非实地测量；入店前核对门牌,https://www.google.com/maps/dir/?api=1&destination=C%E1%BB%A5c%20G%E1%BA%A1ch%20Qu%C3%A1n%2C%2010%20Dang%20Tat%20Street%2C%20Tan%20Dinh%20Ward%2C%20Ho%20Chi%20Minh%20City%2C%20Vietnam
VN084,Hum Garden,胡志明市,"32 D10 Street, An Khanh Ward, Ho Chi Minh City, Vietnam",10.8042053,106.744484,素食,90,207,预算估算（非菜单报价）,https://guide.michelin.com/en/ho-chi-minh/ho-chi-minh_2978179/restaurant/hum-garden,公开餐厅坐标，非实地测量；入店前核对门牌,https://www.google.com/maps/dir/?api=1&destination=Hum%20Garden%2C%2032%20D10%20Street%2C%20An%20Khanh%20Ward%2C%20Ho%20Chi%20Minh%20City%2C%20Vietnam
VN083,Hồng Phát (Bàn Cờ),胡志明市,"389-391 Vo Van Tan Street, Ban Co Ward, Ho Chi Minh City, Vietnam",10.770509,106.684843,越式粿条、汤粉,46,90,预算估算（非菜单报价）,https://guide.michelin.com/en/ho-chi-minh/ho-chi-minh_2978179/restaurant/hong-phat-district-3,公开餐厅坐标，非实地测量；入店前核对门牌,https://www.google.com/maps/dir/?api=1&destination=H%E1%BB%93ng%20Ph%C3%A1t%20%28B%C3%A0n%20C%E1%BB%9D%29%2C%20389-391%20Vo%20Van%20Tan%20Street%2C%20Ban%20Co%20Ward%2C%20Ho%20Chi%20Minh%20City%2C%20Vietnam
VN085,La Lola,胡志明市,"82 Ly Tu Trong Street, Ben Thanh Ward, Ho Chi Minh City, Vietnam",10.77448,106.697626,地中海料理,155,310,预算估算（非菜单报价）,https://guide.michelin.com/en/ho-chi-minh/ho-chi-minh_2978179/restaurant/la-lola,公开餐厅坐标，非实地测量；入店前核对门牌,https://www.google.com/maps/dir/?api=1&destination=La%20Lola%2C%2082%20Ly%20Tu%20Trong%20Street%2C%20Ben%20Thanh%20Ward%2C%20Ho%20Chi%20Minh%20City%2C%20Vietnam
VN086,Mặn Mòi (An Khánh),胡志明市,"32 D11 Street, An Khanh Ward, Ho Chi Minh City, Vietnam",10.804463,106.743993,越南家常菜,90,207,预算估算（非菜单报价）,https://guide.michelin.com/en/ho-chi-minh/ho-chi-minh_2978179/restaurant/man-moi-thu-duc-city,公开餐厅坐标，非实地测量；入店前核对门牌,https://www.google.com/maps/dir/?api=1&destination=M%E1%BA%B7n%20M%C3%B2i%20%28An%20Kh%C3%A1nh%29%2C%2032%20D11%20Street%2C%20An%20Khanh%20Ward%2C%20Ho%20Chi%20Minh%20City%2C%20Vietnam
VN087,Nhà Tú,胡志明市,"129/4 Vo Van Tan Street, Xuan Hoa Ward, Ho Chi Minh City, Vietnam",10.7753712,106.6898829,越南家常菜,46,90,预算估算（非菜单报价）,https://guide.michelin.com/en/ho-chi-minh/ho-chi-minh_2978179/restaurant/nha-tu,公开餐厅坐标，非实地测量；入店前核对门牌,https://www.google.com/maps/dir/?api=1&destination=Nh%C3%A0%20T%C3%BA%2C%20129/4%20Vo%20Van%20Tan%20Street%2C%20Xuan%20Hoa%20Ward%2C%20Ho%20Chi%20Minh%20City%2C%20Vietnam
VN088,Phở Chào,胡志明市,"52 Nguyen Cong Tru Street, Thanh My Tay Ward, Ho Chi Minh City, Vietnam",10.792919,106.7102507,河粉,15,31,预算估算（非菜单报价）,https://guide.michelin.com/en/ho-chi-minh/ho-chi-minh_2978179/restaurant/pho-chao,公开餐厅坐标，非实地测量；入店前核对门牌,https://www.google.com/maps/dir/?api=1&destination=Ph%E1%BB%9F%20Ch%C3%A0o%2C%2052%20Nguyen%20Cong%20Tru%20Street%2C%20Thanh%20My%20Tay%20Ward%2C%20Ho%20Chi%20Minh%20City%2C%20Vietnam
VN089,Phở Hoàng (Nguyen Tri Phuong Street),胡志明市,"460 Nguyen Tri Phuong Street, Vuon Lai Ward, Ho Chi Minh City, Vietnam",10.765992,106.667711,河粉,15,31,预算估算（非菜单报价）,https://guide.michelin.com/en/ho-chi-minh/ho-chi-minh_2978179/restaurant/pho-hoang,公开餐厅坐标，非实地测量；入店前核对门牌,https://www.google.com/maps/dir/?api=1&destination=Ph%E1%BB%9F%20Ho%C3%A0ng%20%28Nguyen%20Tri%20Phuong%20Street%29%2C%20460%20Nguyen%20Tri%20Phuong%20Street%2C%20Vuon%20Lai%20Ward%2C%20Ho%20Chi%20Minh%20City%2C%20Vietnam
VN090,Phở Hương Bình,胡志明市,"148 Vo Thi Sau Street, Xuan Hoa Ward, Ho Chi Minh City, Vietnam",10.7871,106.69103,河粉、米线,15,31,预算估算（非菜单报价）,https://guide.michelin.com/en/ho-chi-minh/ho-chi-minh_2978179/restaurant/pho-huong-binh,公开餐厅坐标，非实地测量；入店前核对门牌,https://www.google.com/maps/dir/?api=1&destination=Ph%E1%BB%9F%20H%C6%B0%C6%A1ng%20B%C3%ACnh%2C%20148%20Vo%20Thi%20Sau%20Street%2C%20Xuan%20Hoa%20Ward%2C%20Ho%20Chi%20Minh%20City%2C%20Vietnam
VN091,Phở Lệ (An Đông),胡志明市,"413-415 Nguyen Trai Street, An Dong Ward, Ho Chi Minh City, Vietnam",10.75529,106.67351,牛肉河粉,15,31,预算估算（非菜单报价）,https://guide.michelin.com/en/ho-chi-minh/ho-chi-minh_2978179/restaurant/pho-le-district-5,公开餐厅坐标，非实地测量；入店前核对门牌,https://www.google.com/maps/dir/?api=1&destination=Ph%E1%BB%9F%20L%E1%BB%87%20%28An%20%C4%90%C3%B4ng%29%2C%20413-415%20Nguyen%20Trai%20Street%2C%20An%20Dong%20Ward%2C%20Ho%20Chi%20Minh%20City%2C%20Vietnam
VN093,Phở Minh (Sài Gòn),胡志明市,"63/6 Pasteur Street, Saigon Ward, Ho Chi Minh City, Vietnam",10.774904,106.7002701,河粉,15,31,预算估算（非菜单报价）,https://guide.michelin.com/en/ho-chi-minh/ho-chi-minh_2978179/restaurant/pho-minh,公开餐厅坐标，非实地测量；入店前核对门牌,https://www.google.com/maps/dir/?api=1&destination=Ph%E1%BB%9F%20Minh%20%28S%C3%A0i%20G%C3%B2n%29%2C%2063/6%20Pasteur%20Street%2C%20Saigon%20Ward%2C%20Ho%20Chi%20Minh%20City%2C%20Vietnam
VN092,Phở Miến Gà Kỳ Đồng,胡志明市,"14/5 Bis Ky Dong Street, Xuan Hoa Ward, Ho Chi Minh City, Vietnam",10.7839019,106.6820208,鸡肉河粉、鸡肉粉丝,15,28,预算估算（非菜单报价）,https://guide.michelin.com/en/ho-chi-minh/ho-chi-minh_2978179/restaurant/pho-mien-ga-ky-%C4%91ong,公开餐厅坐标，非实地测量；入店前核对门牌,https://www.google.com/maps/dir/?api=1&destination=Ph%E1%BB%9F%20Mi%E1%BA%BFn%20G%C3%A0%20K%E1%BB%B3%20%C4%90%E1%BB%93ng%2C%2014/5%20Bis%20Ky%20Dong%20Street%2C%20Xuan%20Hoa%20Ward%2C%20Ho%20Chi%20Minh%20City%2C%20Vietnam
VN094,Phở Phượng,胡志明市,"25 Hoang Sa Street, Saigon Ward, Ho Chi Minh City, Vietnam",10.791939,106.704478,河粉,15,31,预算估算（非菜单报价）,https://guide.michelin.com/en/ho-chi-minh/ho-chi-minh_2978179/restaurant/pho-phuong,公开餐厅坐标，非实地测量；入店前核对门牌,https://www.google.com/maps/dir/?api=1&destination=Ph%E1%BB%9F%20Ph%C6%B0%E1%BB%A3ng%2C%2025%20Hoang%20Sa%20Street%2C%20Saigon%20Ward%2C%20Ho%20Chi%20Minh%20City%2C%20Vietnam
VN095,Sol Kitchen & Bar (Ben Thanh),胡志明市,"112 Ly Tu Trong Street, Ben Thanh Ward, Ho Chi Minh City, Vietnam",10.7742548,106.6975079,拉丁美洲料理,155,310,预算估算（非菜单报价）,https://guide.michelin.com/en/ho-chi-minh/ho-chi-minh_2978179/restaurant/sol-kitchen-bar,公开餐厅坐标，非实地测量；入店前核对门牌,https://www.google.com/maps/dir/?api=1&destination=Sol%20Kitchen%20%26%20Bar%20%28Ben%20Thanh%29%2C%20112%20Ly%20Tu%20Trong%20Street%2C%20Ben%20Thanh%20Ward%2C%20Ho%20Chi%20Minh%20City%2C%20Vietnam
VN096,Tiệm Cơm Thố Chuyên Ký,胡志明市,"67 Ton That Dam Street, Saigon Ward, Ho Chi Minh City, Vietnam",10.7716032,106.7030242,盅饭、粤式家常菜,26,52,预算估算（非菜单报价）,https://guide.michelin.com/en/ho-chi-minh/ho-chi-minh_2978179/restaurant/tiem-com-tho-chuyen-ky,公开餐厅坐标，非实地测量；入店前核对门牌,https://www.google.com/maps/dir/?api=1&destination=Ti%E1%BB%87m%20C%C6%A1m%20Th%E1%BB%91%20Chuy%C3%AAn%20K%C3%BD%2C%2067%20Ton%20That%20Dam%20Street%2C%20Saigon%20Ward%2C%20Ho%20Chi%20Minh%20City%2C%20Vietnam
VN099,An's Saigon,胡志明市,"5A Tong Huu Dinh Street, An Khanh Ward, Ho Chi Minh City, Vietnam",10.8061063,106.732415,创意料理,387,775,预算估算（非菜单报价）,https://guide.michelin.com/en/ho-chi-minh/ho-chi-minh_2978179/restaurant/an-s-saigon,公开餐厅坐标，非实地测量；入店前核对门牌,https://www.google.com/maps/dir/?api=1&destination=An%27s%20Saigon%2C%205A%20Tong%20Huu%20Dinh%20Street%2C%20An%20Khanh%20Ward%2C%20Ho%20Chi%20Minh%20City%2C%20Vietnam
VN100,Apero,胡志明市,"45 Nguyen Duy Hieu Street, An Khanh Ward, Ho Chi Minh City, Vietnam",10.8032667,106.7372114,意大利菜；意面、提拉米苏,155,310,预算估算（非菜单报价）,https://guide.michelin.com/en/ho-chi-minh/ho-chi-minh_2978179/restaurant/apero-1246001,公开餐厅坐标，非实地测量；入店前核对门牌,https://www.google.com/maps/dir/?api=1&destination=Apero%2C%2045%20Nguyen%20Duy%20Hieu%20Street%2C%20An%20Khanh%20Ward%2C%20Ho%20Chi%20Minh%20City%2C%20Vietnam
VN101,Bà Cô Lốc Cốc,胡志明市,"40A Tran Cao Van Street, Xuan Hoa Ward, Ho Chi Minh City, Vietnam",10.7835112,106.6962398,螺类、贝类与海鲜,103,232,预算估算（非菜单报价）,https://guide.michelin.com/en/ho-chi-minh/ho-chi-minh_2978179/restaurant/ba-co-loc-coc,公开餐厅坐标，非实地测量；入店前核对门牌,https://www.google.com/maps/dir/?api=1&destination=B%C3%A0%20C%C3%B4%20L%E1%BB%91c%20C%E1%BB%91c%2C%2040A%20Tran%20Cao%20Van%20Street%2C%20Xuan%20Hoa%20Ward%2C%20Ho%20Chi%20Minh%20City%2C%20Vietnam
VN102,Béo Ơi,胡志明市,"15/20 Nguyen Thi Minh Khai Street, Saigon Ward, Ho Chi Minh City, Vietnam",10.785178,106.700997,越南菜,46,90,预算估算（非菜单报价）,https://guide.michelin.com/en/ho-chi-minh/ho-chi-minh_2978179/restaurant/beo-oi,公开餐厅坐标，非实地测量；入店前核对门牌,https://www.google.com/maps/dir/?api=1&destination=B%C3%A9o%20%C6%A0i%2C%2015/20%20Nguyen%20Thi%20Minh%20Khai%20Street%2C%20Saigon%20Ward%2C%20Ho%20Chi%20Minh%20City%2C%20Vietnam
VN105,Bún Bò Huế Cô Như,胡志明市,"274/29 Vo Van Tan Street, Ban Co Ward, Ho Chi Minh City, Vietnam",10.772525,106.68554,顺化牛肉米线,15,31,预算估算（非菜单报价）,https://guide.michelin.com/en/ho-chi-minh/ho-chi-minh_2978179/restaurant/bun-bo-hue-co-nhu,公开餐厅坐标，非实地测量；入店前核对门牌,https://www.google.com/maps/dir/?api=1&destination=B%C3%BAn%20B%C3%B2%20Hu%E1%BA%BF%20C%C3%B4%20Nh%C6%B0%2C%20274/29%20Vo%20Van%20Tan%20Street%2C%20Ban%20Co%20Ward%2C%20Ho%20Chi%20Minh%20City%2C%20Vietnam
VN106,Bún Thịt Nướng Hoàng Văn,胡志明市,"137 Chan Hung Street, Tan Hoa Ward, Ho Chi Minh City, Vietnam",10.7851694,106.6623288,烤肉拌米线,15,31,预算估算（非菜单报价）,https://guide.michelin.com/en/ho-chi-minh/ho-chi-minh_2978179/restaurant/bun-thit-nuong-hoang-van,公开餐厅坐标，非实地测量；入店前核对门牌,https://www.google.com/maps/dir/?api=1&destination=B%C3%BAn%20Th%E1%BB%8Bt%20N%C6%B0%E1%BB%9Bng%20Ho%C3%A0ng%20V%C4%83n%2C%20137%20Chan%20Hung%20Street%2C%20Tan%20Hoa%20Ward%2C%20Ho%20Chi%20Minh%20City%2C%20Vietnam
VN103,Bếp Người Hội An,胡志明市,"22 Tran Quoc Toan Street, Xuan Hoa Ward, Ho Chi Minh City, Vietnam",10.7885475,106.68881,越南中部、会安风味,46,90,预算估算（非菜单报价）,https://guide.michelin.com/en/ho-chi-minh/ho-chi-minh_2978179/restaurant/bep-nguoi-hoi-an,公开餐厅坐标，非实地测量；入店前核对门牌,https://www.google.com/maps/dir/?api=1&destination=B%E1%BA%BFp%20Ng%C6%B0%E1%BB%9Di%20H%E1%BB%99i%20An%2C%2022%20Tran%20Quoc%20Toan%20Street%2C%20Xuan%20Hoa%20Ward%2C%20Ho%20Chi%20Minh%20City%2C%20Vietnam
VN104,Bờm,胡志明市,"24 Nguyen Thi Nghia Street, Ben Thanh Ward, Ho Chi Minh City, Vietnam",10.770666,106.69366,越南当代料理,90,207,预算估算（非菜单报价）,https://guide.michelin.com/en/ho-chi-minh/ho-chi-minh_2978179/restaurant/bom-1205510,公开餐厅坐标，非实地测量；入店前核对门牌,https://www.google.com/maps/dir/?api=1&destination=B%E1%BB%9Dm%2C%2024%20Nguyen%20Thi%20Nghia%20Street%2C%20Ben%20Thanh%20Ward%2C%20Ho%20Chi%20Minh%20City%2C%20Vietnam
VN107,Cô Liêng,胡志明市,"321 Vo Van Tan Street, Ban Co Ward, Ho Chi Minh City, Vietnam",10.7735478,106.6871417,越南菜；烤肉,26,52,预算估算（非菜单报价）,https://guide.michelin.com/en/ho-chi-minh/ho-chi-minh_2978179/restaurant/co-lieng,公开餐厅坐标，非实地测量；入店前核对门牌,https://www.google.com/maps/dir/?api=1&destination=C%C3%B4%20Li%C3%AAng%2C%20321%20Vo%20Van%20Tan%20Street%2C%20Ban%20Co%20Ward%2C%20Ho%20Chi%20Minh%20City%2C%20Vietnam
VN110,Elgin,胡志明市,"27 Mac Dinh Chi Street, Saigon Ward, Ho Chi Minh City, Vietnam",10.784774,106.69932,欧式料理,155,310,预算估算（非菜单报价）,https://guide.michelin.com/en/ho-chi-minh/ho-chi-minh_2978179/restaurant/elgin,公开餐厅坐标，非实地测量；入店前核对门牌,https://www.google.com/maps/dir/?api=1&destination=Elgin%2C%2027%20Mac%20Dinh%20Chi%20Street%2C%20Saigon%20Ward%2C%20Ho%20Chi%20Minh%20City%2C%20Vietnam
VN111,Esta,胡志明市,"27 Tran Quy Khoach Street, Tan Dinh Ward, Ho Chi Minh City, Vietnam",10.7933721,106.6882191,亚洲当代料理,258,568,预算估算（非菜单报价）,https://guide.michelin.com/en/ho-chi-minh/ho-chi-minh_2978179/restaurant/esta,公开餐厅坐标，非实地测量；入店前核对门牌,https://www.google.com/maps/dir/?api=1&destination=Esta%2C%2027%20Tran%20Quy%20Khoach%20Street%2C%20Tan%20Dinh%20Ward%2C%20Ho%20Chi%20Minh%20City%2C%20Vietnam
VN112,Fashionista Café,胡志明市,"22B Phung Khac Khoan Street, Saigon Ward, Ho Chi Minh City, Vietnam",10.7856249,106.6969767,当代欧式料理,155,310,预算估算（非菜单报价）,https://guide.michelin.com/en/ho-chi-minh/ho-chi-minh_2978179/restaurant/fashionista-cafe,公开餐厅坐标，非实地测量；入店前核对门牌,https://www.google.com/maps/dir/?api=1&destination=Fashionista%20Caf%C3%A9%2C%2022B%20Phung%20Khac%20Khoan%20Street%2C%20Saigon%20Ward%2C%20Ho%20Chi%20Minh%20City%2C%20Vietnam
VN113,Hoa Túc (Sài Gòn),胡志明市,"74/7 Hai Ba Trung Street, Saigon Ward, Ho Chi Minh City, Vietnam",10.77852,106.70362,越南菜,90,207,预算估算（非菜单报价）,https://guide.michelin.com/en/ho-chi-minh/ho-chi-minh_2978179/restaurant/hoa-tuc,公开餐厅坐标，非实地测量；入店前核对门牌,https://www.google.com/maps/dir/?api=1&destination=Hoa%20T%C3%BAc%20%28S%C3%A0i%20G%C3%B2n%29%2C%2074/7%20Hai%20Ba%20Trung%20Street%2C%20Saigon%20Ward%2C%20Ho%20Chi%20Minh%20City%2C%20Vietnam
VN114,Hoi An Sense,胡志明市,"6F, 12 Phan Ke Binh, Tan Dinh Ward, Ho Chi Minh City, Vietnam",10.7904505,106.6988349,会安风味越南菜,90,207,预算估算（非菜单报价）,https://guide.michelin.com/en/ho-chi-minh/ho-chi-minh_2978179/restaurant/hoi-an-sense,公开餐厅坐标，非实地测量；入店前核对门牌,https://www.google.com/maps/dir/?api=1&destination=Hoi%20An%20Sense%2C%206F%2C%2012%20Phan%20Ke%20Binh%2C%20Tan%20Dinh%20Ward%2C%20Ho%20Chi%20Minh%20City%2C%20Vietnam
VN115,Kobe Bistro,胡志明市,"23C Ton Duc Thang Street, Saigon Ward, Ho Chi Minh City, Vietnam",10.782601,106.705549,法式当代料理,155,310,预算估算（非菜单报价）,https://guide.michelin.com/en/ho-chi-minh/ho-chi-minh_2978179/restaurant/kobe-bistro,公开餐厅坐标，非实地测量；入店前核对门牌,https://www.google.com/maps/dir/?api=1&destination=Kobe%20Bistro%2C%2023C%20Ton%20Duc%20Thang%20Street%2C%20Saigon%20Ward%2C%20Ho%20Chi%20Minh%20City%2C%20Vietnam
VN116,La Fontaine,胡志明市,"2F, Trade Center, River Garden, 170 Nguyen Van Huong Street, An Khanh Ward, Ho Chi Minh City, Vietnam",10.81505,106.72718,法餐,258,568,预算估算（非菜单报价）,https://guide.michelin.com/en/ho-chi-minh/ho-chi-minh_2978179/restaurant/la-fontaine-1210950,公开餐厅坐标，非实地测量；入店前核对门牌,https://www.google.com/maps/dir/?api=1&destination=La%20Fontaine%2C%202F%2C%20Trade%20Center%2C%20River%20Garden%2C%20170%20Nguyen%20Van%20Huong%20Street%2C%20An%20Khanh%20Ward%2C%20Ho%20Chi%20Minh%20City%2C%20Vietnam
VN117,La Villa,胡志明市,"14 Ngo Quang Huy Street, An Khanh Ward, Ho Chi Minh City, Vietnam",10.804002,106.7324648,法餐,646,1162,预算估算（非菜单报价）,https://guide.michelin.com/en/ho-chi-minh/ho-chi-minh_2978179/restaurant/la-villa-1201811,公开餐厅坐标，非实地测量；入店前核对门牌,https://www.google.com/maps/dir/?api=1&destination=La%20Villa%2C%2014%20Ngo%20Quang%20Huy%20Street%2C%20An%20Khanh%20Ward%2C%20Ho%20Chi%20Minh%20City%2C%20Vietnam
VN118,Little Bear,胡志明市,"36 Nguyen Ba Huan Street, An Khanh Ward, Ho Chi Minh City, Vietnam",10.804291,106.729192,越南当代料理,90,207,预算估算（非菜单报价）,https://guide.michelin.com/en/ho-chi-minh/ho-chi-minh_2978179/restaurant/little-bear-1212889,公开餐厅坐标，非实地测量；入店前核对门牌,https://www.google.com/maps/dir/?api=1&destination=Little%20Bear%2C%2036%20Nguyen%20Ba%20Huan%20Street%2C%20An%20Khanh%20Ward%2C%20Ho%20Chi%20Minh%20City%2C%20Vietnam
VN120,Lüne,胡志明市,"17/14 Le Thanh Ton Street, Saigon Ward, Ho Chi Minh City, Vietnam",10.779904,106.704168,法餐,258,568,预算估算（非菜单报价）,https://guide.michelin.com/en/ho-chi-minh/ho-chi-minh_2978179/restaurant/lune-1212919,公开餐厅坐标，非实地测量；入店前核对门牌,https://www.google.com/maps/dir/?api=1&destination=L%C3%BCne%2C%2017/14%20Le%20Thanh%20Ton%20Street%2C%20Saigon%20Ward%2C%20Ho%20Chi%20Minh%20City%2C%20Vietnam
VN119,Lửa,胡志明市,"2 Street No. 11, An Khanh Ward, Ho Chi Minh City, Vietnam",10.8051347,106.7466608,当代欧式料理,155,310,预算估算（非菜单报价）,https://guide.michelin.com/en/ho-chi-minh/ho-chi-minh_2978179/restaurant/lua-1206633,公开餐厅坐标，非实地测量；入店前核对门牌,https://www.google.com/maps/dir/?api=1&destination=L%E1%BB%ADa%2C%202%20Street%20No.%2011%2C%20An%20Khanh%20Ward%2C%20Ho%20Chi%20Minh%20City%2C%20Vietnam
VN121,Madame Lam,胡志明市,"10 Tran Ngoc Dien Street, An Khanh Ward, Ho Chi Minh City, Vietnam",10.8031685,106.7398833,越南当代料理,90,207,预算估算（非菜单报价）,https://guide.michelin.com/en/ho-chi-minh/ho-chi-minh_2978179/restaurant/madame-lam,公开餐厅坐标，非实地测量；入店前核对门牌,https://www.google.com/maps/dir/?api=1&destination=Madame%20Lam%2C%2010%20Tran%20Ngoc%20Dien%20Street%2C%20An%20Khanh%20Ward%2C%20Ho%20Chi%20Minh%20City%2C%20Vietnam
VN123,Miên Saigon,胡志明市,"50A Dang Dung Street, Tan Dinh Ward, Ho Chi Minh City, Vietnam",10.7924964,106.6889071,越南当代品鉴套餐,646,1162,预算估算（非菜单报价）,https://guide.michelin.com/en/ho-chi-minh/ho-chi-minh_2978179/restaurant/mien-saigon,公开餐厅坐标，非实地测量；入店前核对门牌,https://www.google.com/maps/dir/?api=1&destination=Mi%C3%AAn%20Saigon%2C%2050A%20Dang%20Dung%20Street%2C%20Tan%20Dinh%20Ward%2C%20Ho%20Chi%20Minh%20City%2C%20Vietnam
VN122,Mía Dining,胡志明市,"12G2 Nguyen Thi Minh Khai Street, Saigon Ward, Ho Chi Minh City, Vietnam",10.7885676,106.7022256,当代欧式料理,155,310,预算估算（非菜单报价）,https://guide.michelin.com/en/ho-chi-minh/ho-chi-minh_2978179/restaurant/mia-dining,公开餐厅坐标，非实地测量；入店前核对门牌,https://www.google.com/maps/dir/?api=1&destination=M%C3%ADa%20Dining%2C%2012G2%20Nguyen%20Thi%20Minh%20Khai%20Street%2C%20Saigon%20Ward%2C%20Ho%20Chi%20Minh%20City%2C%20Vietnam
VN125,Nephele,胡志明市,"125/12 Nguyen Cuu Van Street, Gia Dinh Ward, Ho Chi Minh City, Vietnam",10.7960763,106.7054136,亚洲当代料理,646,1162,预算估算（非菜单报价）,https://guide.michelin.com/en/ho-chi-minh/ho-chi-minh_2978179/restaurant/nephele,公开餐厅坐标，非实地测量；入店前核对门牌,https://www.google.com/maps/dir/?api=1&destination=Nephele%2C%20125/12%20Nguyen%20Cuu%20Van%20Street%2C%20Gia%20Dinh%20Ward%2C%20Ho%20Chi%20Minh%20City%2C%20Vietnam
VN124,Nén Light,胡志明市,"122/2 Tran Dinh Xu Street, Cau Ong Lanh Ward, Ho Chi Minh City, Vietnam",10.762612,106.6883681,创意品鉴套餐,646,1162,预算估算（非菜单报价）,https://guide.michelin.com/en/ho-chi-minh/ho-chi-minh_2978179/restaurant/nen-light,公开餐厅坐标，非实地测量；入店前核对门牌,https://www.google.com/maps/dir/?api=1&destination=N%C3%A9n%20Light%2C%20122/2%20Tran%20Dinh%20Xu%20Street%2C%20Cau%20Ong%20Lanh%20Ward%2C%20Ho%20Chi%20Minh%20City%2C%20Vietnam
VN126,NÔM,胡志明市,"53 Tran Nhat Duat Street, Tan Dinh Ward, Ho Chi Minh City, Vietnam",10.79408,106.689601,创意品鉴套餐,646,1162,预算估算（非菜单报价）,https://guide.michelin.com/en/ho-chi-minh/ho-chi-minh_2978179/restaurant/nom,公开餐厅坐标，非实地测量；入店前核对门牌,https://www.google.com/maps/dir/?api=1&destination=N%C3%94M%2C%2053%20Tran%20Nhat%20Duat%20Street%2C%20Tan%20Dinh%20Ward%2C%20Ho%20Chi%20Minh%20City%2C%20Vietnam
VN129,Okra FoodBar,胡志明市,"2 Le Van Mien Street, An Khanh Ward, Ho Chi Minh City, Vietnam",10.8045996,106.7318394,当代欧式料理,155,310,预算估算（非菜单报价）,https://guide.michelin.com/en/ho-chi-minh/ho-chi-minh_2978179/restaurant/okra-foodbar,公开餐厅坐标，非实地测量；入店前核对门牌,https://www.google.com/maps/dir/?api=1&destination=Okra%20FoodBar%2C%202%20Le%20Van%20Mien%20Street%2C%20An%20Khanh%20Ward%2C%20Ho%20Chi%20Minh%20City%2C%20Vietnam
VN130,Phở Bò Phú Gia (Nhiêu Lộc),胡志明市,"146E Ly Chinh Thang Street, Nhieu Loc Ward, Ho Chi Minh City, Vietnam",10.786433,106.684542,牛肉河粉,15,31,预算估算（非菜单报价）,https://guide.michelin.com/en/ho-chi-minh/ho-chi-minh_2978179/restaurant/pho-bo-phu-gia,公开餐厅坐标，非实地测量；入店前核对门牌,https://www.google.com/maps/dir/?api=1&destination=Ph%E1%BB%9F%20B%C3%B2%20Ph%C3%BA%20Gia%20%28Nhi%C3%AAu%20L%E1%BB%99c%29%2C%20146E%20Ly%20Chinh%20Thang%20Street%2C%20Nhieu%20Loc%20Ward%2C%20Ho%20Chi%20Minh%20City%2C%20Vietnam
VN131,Phở Hùng (Cầu Ông Lãnh),胡志明市,"241-243 Nguyen Trai Street, Cau Ong Lanh Ward, Ho Chi Minh City, Vietnam",10.7650032,106.6876257,牛肉河粉,15,31,预算估算（非菜单报价）,https://guide.michelin.com/en/ho-chi-minh/ho-chi-minh_2978179/restaurant/pho-hung,公开餐厅坐标，非实地测量；入店前核对门牌,https://www.google.com/maps/dir/?api=1&destination=Ph%E1%BB%9F%20H%C3%B9ng%20%28C%E1%BA%A7u%20%C3%94ng%20L%C3%A3nh%29%2C%20241-243%20Nguyen%20Trai%20Street%2C%20Cau%20Ong%20Lanh%20Ward%2C%20Ho%20Chi%20Minh%20City%2C%20Vietnam
VN132,Phở Việt Nam (Bến Thành),胡志明市,"14 Pham Hong Thai Street, Ben Thanh Ward, Ho Chi Minh City, Vietnam",10.771283,106.696128,河粉,15,31,预算估算（非菜单报价）,https://guide.michelin.com/en/ho-chi-minh/ho-chi-minh_2978179/restaurant/pho-viet-nam-district-1,公开餐厅坐标，非实地测量；入店前核对门牌,https://www.google.com/maps/dir/?api=1&destination=Ph%E1%BB%9F%20Vi%E1%BB%87t%20Nam%20%28B%E1%BA%BFn%20Th%C3%A0nh%29%2C%2014%20Pham%20Hong%20Thai%20Street%2C%20Ben%20Thanh%20Ward%2C%20Ho%20Chi%20Minh%20City%2C%20Vietnam
VN134,Quince Eatery,胡志明市,"37 Bis Ky Con Street, Ben Thanh Ward, Ho Chi Minh City, Vietnam",10.7661947,106.6992335,地中海料理,258,568,预算估算（非菜单报价）,https://guide.michelin.com/en/ho-chi-minh/ho-chi-minh_2978179/restaurant/quince-eatery,公开餐厅坐标，非实地测量；入店前核对门牌,https://www.google.com/maps/dir/?api=1&destination=Quince%20Eatery%2C%2037%20Bis%20Ky%20Con%20Street%2C%20Ben%20Thanh%20Ward%2C%20Ho%20Chi%20Minh%20City%2C%20Vietnam
VN133,Quán ăn Ngự Bình,胡志明市,"82 Cu Xa Nguyen Van Troi Street, Phu Nhuan Ward, Ho Chi Minh City, Vietnam",10.7923954,106.682037,顺化家常菜；牛肉米线、蒸米糕、烤肉,26,52,预算估算（非菜单报价）,https://guide.michelin.com/en/ho-chi-minh/ho-chi-minh_2978179/restaurant/quan-an-ngu-binh,公开餐厅坐标，非实地测量；入店前核对门牌,https://www.google.com/maps/dir/?api=1&destination=Qu%C3%A1n%20%C4%83n%20Ng%E1%BB%B1%20B%C3%ACnh%2C%2082%20Cu%20Xa%20Nguyen%20Van%20Troi%20Street%2C%20Phu%20Nhuan%20Ward%2C%20Ho%20Chi%20Minh%20City%2C%20Vietnam
VN135,Rice Field,胡志明市,"2F, 75-77 Ho Tung Mau Street, Saigon Ward, Ho Chi Minh City, Vietnam",10.7723695,106.7036408,越南菜,90,207,预算估算（非菜单报价）,https://guide.michelin.com/en/ho-chi-minh/ho-chi-minh_2978179/restaurant/rice-field,公开餐厅坐标，非实地测量；入店前核对门牌,https://www.google.com/maps/dir/?api=1&destination=Rice%20Field%2C%202F%2C%2075-77%20Ho%20Tung%20Mau%20Street%2C%20Saigon%20Ward%2C%20Ho%20Chi%20Minh%20City%2C%20Vietnam
VN137,Square One,胡志明市,"2 Lam Son Square, Saigon Ward, Ho Chi Minh City, Vietnam",10.7775862,106.7034062,国际料理,258,568,预算估算（非菜单报价）,https://guide.michelin.com/en/ho-chi-minh/ho-chi-minh_2978179/restaurant/square-one,公开餐厅坐标，非实地测量；入店前核对门牌,https://www.google.com/maps/dir/?api=1&destination=Square%20One%2C%202%20Lam%20Son%20Square%2C%20Saigon%20Ward%2C%20Ho%20Chi%20Minh%20City%2C%20Vietnam
VN138,ST25 by KOTO,胡志明市,"2F, Sofitel Saigon Plaza, 17 Le Duan Boulevard, Saigon Ward, Ho Chi Minh City, Vietnam",10.7844289,106.7026459,越南当代料理,90,207,预算估算（非菜单报价）,https://guide.michelin.com/en/ho-chi-minh/ho-chi-minh_2978179/restaurant/st25-by-koto,公开餐厅坐标，非实地测量；入店前核对门牌,https://www.google.com/maps/dir/?api=1&destination=ST25%20by%20KOTO%2C%202F%2C%20Sofitel%20Saigon%20Plaza%2C%2017%20Le%20Duan%20Boulevard%2C%20Saigon%20Ward%2C%20Ho%20Chi%20Minh%20City%2C%20Vietnam
VN139,Stoker (Saigon),胡志明市,"44 Mac Thi Buoi Street, Saigon Ward, Ho Chi Minh City, Vietnam",10.7754922,106.7047851,牛排,258,568,预算估算（非菜单报价）,https://guide.michelin.com/en/ho-chi-minh/ho-chi-minh_2978179/restaurant/stoker-district-1,公开餐厅坐标，非实地测量；入店前核对门牌,https://www.google.com/maps/dir/?api=1&destination=Stoker%20%28Saigon%29%2C%2044%20Mac%20Thi%20Buoi%20Street%2C%20Saigon%20Ward%2C%20Ho%20Chi%20Minh%20City%2C%20Vietnam
VN136,Sóno,胡志明市,"215B37 Nguyen Van Huong Street, An Khanh Ward, Ho Chi Minh City, Vietnam",10.8104884,106.7319743,越南当代料理；炭烤与主题套餐,258,568,预算估算（非菜单报价）,https://guide.michelin.com/en/ho-chi-minh/ho-chi-minh_2978179/restaurant/sono,公开餐厅坐标，非实地测量；入店前核对门牌,https://www.google.com/maps/dir/?api=1&destination=S%C3%B3no%2C%20215B37%20Nguyen%20Van%20Huong%20Street%2C%20An%20Khanh%20Ward%2C%20Ho%20Chi%20Minh%20City%2C%20Vietnam
VN140,Tales by Chapter,胡志明市,"10 Nguyen Thanh Y Street, Tan Dinh Ward, Ho Chi Minh City, Vietnam",10.7890929,106.6969337,素食品鉴套餐；绿星,387,775,预算估算（非菜单报价）,https://guide.michelin.com/en/ho-chi-minh/ho-chi-minh_2978179/restaurant/tales-by-chapter,公开餐厅坐标，非实地测量；入店前核对门牌,https://www.google.com/maps/dir/?api=1&destination=Tales%20by%20Chapter%2C%2010%20Nguyen%20Thanh%20Y%20Street%2C%20Tan%20Dinh%20Ward%2C%20Ho%20Chi%20Minh%20City%2C%20Vietnam
VN141,The Albion by Kirk Westaway,胡志明市,"23F, Hotel des Arts Saigon, 76-78 Nguyen Thi Minh Khai Street, Xuan Hoa Ward, Ho Chi Minh City, Vietnam",10.7824166,106.6973055,英式当代料理,258,568,预算估算（非菜单报价）,https://guide.michelin.com/en/ho-chi-minh/ho-chi-minh_2978179/restaurant/the-albion-by-kirk-westaway,公开餐厅坐标，非实地测量；入店前核对门牌,https://www.google.com/maps/dir/?api=1&destination=The%20Albion%20by%20Kirk%20Westaway%2C%2023F%2C%20Hotel%20des%20Arts%20Saigon%2C%2076-78%20Nguyen%20Thi%20Minh%20Khai%20Street%2C%20Xuan%20Hoa%20Ward%2C%20Ho%20Chi%20Minh%20City%2C%20Vietnam
VN142,The Monkey Gallery Dining,胡志明市,"3F, 91 Mac Thi Buoi Street, Saigon Ward, Ho Chi Minh City, Vietnam",10.774419,106.70401,越南当代品鉴套餐,646,1162,预算估算（非菜单报价）,https://guide.michelin.com/en/ho-chi-minh/ho-chi-minh_2978179/restaurant/the-monkey-gallery-dining,公开餐厅坐标，非实地测量；入店前核对门牌,https://www.google.com/maps/dir/?api=1&destination=The%20Monkey%20Gallery%20Dining%2C%203F%2C%2091%20Mac%20Thi%20Buoi%20Street%2C%20Saigon%20Ward%2C%20Ho%20Chi%20Minh%20City%2C%20Vietnam
VN143,Thúy 94 Cũ,胡志明市,"84 Dinh Tien Hoang Street, Saigon Ward, Ho Chi Minh City, Vietnam",10.790191,106.69786,蟹肉、海鲜,65,142,预算估算（非菜单报价）,https://guide.michelin.com/en/ho-chi-minh/ho-chi-minh_2978179/restaurant/thuy-94-cu,公开餐厅坐标，非实地测量；入店前核对门牌,https://www.google.com/maps/dir/?api=1&destination=Th%C3%BAy%2094%20C%C5%A9%2C%2084%20Dinh%20Tien%20Hoang%20Street%2C%20Saigon%20Ward%2C%20Ho%20Chi%20Minh%20City%2C%20Vietnam
VN144,Truffle,胡志明市,"73F, Landmark 81, Nguyen Huu Canh Street, Thanh My Tay Ward, Ho Chi Minh City, Vietnam",10.7949667,106.7218347,法式当代料理,646,1162,预算估算（非菜单报价）,https://guide.michelin.com/en/ho-chi-minh/ho-chi-minh_2978179/restaurant/truffle,公开餐厅坐标，非实地测量；入店前核对门牌,https://www.google.com/maps/dir/?api=1&destination=Truffle%2C%2073F%2C%20Landmark%2081%2C%20Nguyen%20Huu%20Canh%20Street%2C%20Thanh%20My%20Tay%20Ward%2C%20Ho%20Chi%20Minh%20City%2C%20Vietnam
VN145,Vietnam House,胡志明市,"93-97 Dong Khoi Street, Saigon Ward, Ho Chi Minh City, Vietnam",10.7748944,106.7041683,越南菜,90,207,预算估算（非菜单报价）,https://guide.michelin.com/en/ho-chi-minh/ho-chi-minh_2978179/restaurant/vietnam-house,公开餐厅坐标，非实地测量；入店前核对门牌,https://www.google.com/maps/dir/?api=1&destination=Vietnam%20House%2C%2093-97%20Dong%20Khoi%20Street%2C%20Saigon%20Ward%2C%20Ho%20Chi%20Minh%20City%2C%20Vietnam
VN146,Xôi Gà Number One,胡志明市,"15 Nguyen Trung Truc Street, Ben Thanh Ward, Ho Chi Minh City, Vietnam",10.7737678,106.6992828,鸡肉糯米饭,18,39,预算估算（非菜单报价）,https://guide.michelin.com/en/ho-chi-minh/ho-chi-minh_2978179/restaurant/xoi-ga-number-one,公开餐厅坐标，非实地测量；入店前核对门牌,https://www.google.com/maps/dir/?api=1&destination=X%C3%B4i%20G%C3%A0%20Number%20One%2C%2015%20Nguyen%20Trung%20Truc%20Street%2C%20Ben%20Thanh%20Ward%2C%20Ho%20Chi%20Minh%20City%2C%20Vietnam
VN108,Đông Phố,胡志明市,"57 Ho Xuan Huong Street, Xuan Hoa Ward, Ho Chi Minh City, Vietnam",10.7764018,106.6874161,越南菜,90,207,预算估算（非菜单报价）,https://guide.michelin.com/en/ho-chi-minh/ho-chi-minh_2978179/restaurant/%C4%91ong-pho,公开餐厅坐标，非实地测量；入店前核对门牌,https://www.google.com/maps/dir/?api=1&destination=%C4%90%C3%B4ng%20Ph%E1%BB%91%2C%2057%20Ho%20Xuan%20Huong%20Street%2C%20Xuan%20Hoa%20Ward%2C%20Ho%20Chi%20Minh%20City%2C%20Vietnam
VN128,Ốc Oanh,胡志明市,"534 Vinh Khanh Street, Khanh Hoi Ward, Ho Chi Minh City, Vietnam",10.760723,106.703309,螺类、贝类与海鲜,103,232,预算估算（非菜单报价）,https://guide.michelin.com/en/ho-chi-minh/ho-chi-minh_2978179/restaurant/oc-oanh,公开餐厅坐标，非实地测量；入店前核对门牌,https://www.google.com/maps/dir/?api=1&destination=%E1%BB%90c%20Oanh%2C%20534%20Vinh%20Khanh%20Street%2C%20Khanh%20Hoi%20Ward%2C%20Ho%20Chi%20Minh%20City%2C%20Vietnam
VN127,Ốc Đào (Cầu Ông Lãnh),胡志明市,"212B/D48 Nguyen Trai Street, Cau Ong Lanh Ward, Ho Chi Minh City, Vietnam",10.76523,106.68463,螺类、贝类与海鲜,65,155,预算估算（非菜单报价）,https://guide.michelin.com/en/ho-chi-minh/ho-chi-minh_2978179/restaurant/oc-%C4%91ao,公开餐厅坐标，非实地测量；入店前核对门牌,https://www.google.com/maps/dir/?api=1&destination=%E1%BB%90c%20%C4%90%C3%A0o%20%28C%E1%BA%A7u%20%C3%94ng%20L%C3%A3nh%29%2C%20212B/D48%20Nguyen%20Trai%20Street%2C%20Cau%20Ong%20Lanh%20Ward%2C%20Ho%20Chi%20Minh%20City%2C%20Vietnam
